1,1,Marseille,1,1,0,0,4,0,4,3
1,2,Paris SG,1,1,0,0,3,0,3,3
1,3,LOSC Lille,1,1,0,0,3,1,2,3
1,4,Monaco,1,1,0,0,3,1,2,3
1,5,Olympique Lyon,1,1,0,0,2,0,2,3
1,6,R. Strasbourg,1,1,0,0,2,0,2,3
1,7,Nimes Olympique,1,1,0,0,4,3,1,3
1,8,Dijon,1,1,0,0,2,1,1,3
1,9,Saint-Etienne,1,1,0,0,2,1,1,3
1,10,Reims,1,1,0,0,1,0,1,3
1,11,SCO Angers,1,0,0,1,3,4,-1,0
1,12,Guingamp,1,0,0,1,1,2,-1,0
1,13,Montpellier,1,0,0,1,1,2,-1,0
1,14,OGC Nice,1,0,0,1,0,1,-1,0
1,15,FC Nantes,1,0,0,1,1,3,-2,0
1,16,Stade Rennais,1,0,0,1,1,3,-2,0
1,17,SC Amiens,1,0,0,1,0,2,-2,0
1,18,G. Bordeaux,1,0,0,1,0,2,-2,0
1,19,SM Caen,1,0,0,1,0,3,-3,0
1,20,Toulouse,1,0,0,1,0,4,-4,0
2,1,Paris SG,2,2,0,0,6,1,5,6
2,2,Nimes Olympique,2,2,0,0,7,4,3,6
2,3,Dijon,2,2,0,0,4,1,3,6
2,4,Reims,2,2,0,0,2,0,2,6
2,5,LOSC Lille,2,1,1,0,3,1,2,4
2,6,Monaco,2,1,1,0,3,1,2,4
2,7,R. Strasbourg,2,1,1,0,3,1,2,4
2,8,Saint-Etienne,2,1,1,0,3,2,1,4
2,9,Marseille,2,1,0,1,5,3,2,3
2,10,Olympique Lyon,2,1,0,1,2,1,1,3
2,11,Montpellier,2,1,0,1,3,3,0,3
2,12,Stade Rennais,2,1,0,1,2,3,-1,3
2,13,Toulouse,2,1,0,1,2,5,-3,3
2,14,OGC Nice,2,0,1,1,1,2,-1,1
2,15,SM Caen,2,0,1,1,1,4,-3,1
2,16,SCO Angers,2,0,0,2,3,5,-2,0
2,17,Guingamp,2,0,0,2,2,5,-3,0
2,18,SC Amiens,2,0,0,2,1,4,-3,0
2,19,G. Bordeaux,2,0,0,2,1,4,-3,0
2,20,FC Nantes,2,0,0,2,1,5,-4,0
3,1,Paris SG,3,3,0,0,9,2,7,9
3,2,Dijon,3,3,0,0,8,1,7,9
3,3,LOSC Lille,3,2,1,0,6,1,5,7
3,4,Olympique Lyon,3,2,0,1,4,1,3,6
3,5,Nimes Olympique,3,2,0,1,7,5,2,6
3,6,Reims,3,2,0,1,3,4,-1,6
3,7,Toulouse,3,2,0,1,3,5,-2,6
3,8,Saint-Etienne,3,1,2,0,3,2,1,5
3,9,Marseille,3,1,1,1,7,5,2,4
3,10,Monaco,3,1,1,1,4,3,1,4
3,11,Montpellier,3,1,1,1,3,3,0,4
3,12,R. Strasbourg,3,1,1,1,3,3,0,4
3,13,Stade Rennais,3,1,1,1,4,5,-1,4
3,14,SC Amiens,3,1,0,2,5,5,0,3
3,15,G. Bordeaux,3,1,0,2,3,5,-2,3
3,16,SM Caen,3,0,2,1,2,5,-3,2
3,17,FC Nantes,3,0,1,2,2,6,-4,1
3,18,OGC Nice,3,0,1,2,1,6,-5,1
3,19,SCO Angers,3,0,0,3,4,8,-4,0
3,20,Guingamp,3,0,0,3,2,8,-6,0
4,1,Paris SG,4,4,0,0,13,4,9,12
4,2,Dijon,4,3,0,1,8,3,5,9
4,3,Toulouse,4,3,0,1,5,6,-1,9
4,4,LOSC Lille,4,2,1,1,6,2,4,7
4,5,Marseille,4,2,1,1,10,7,3,7
4,6,Stade Rennais,4,2,1,1,6,5,1,7
4,7,Montpellier,4,2,1,1,4,3,1,7
4,8,Olympique Lyon,4,2,0,2,4,2,2,6
4,9,Saint-Etienne,4,1,3,0,3,2,1,6
4,10,Nimes Olympique,4,2,0,2,9,9,0,6
4,11,Reims,4,2,0,2,3,5,-2,6
4,12,SM Caen,4,1,2,1,4,5,-1,5
4,13,Monaco,4,1,1,2,6,6,0,4
4,14,SC Amiens,4,1,1,2,5,5,0,4
4,15,R. Strasbourg,4,1,1,2,5,6,-1,4
4,16,FC Nantes,4,1,1,2,5,8,-3,4
4,17,OGC Nice,4,1,1,2,2,6,-4,4
4,18,SCO Angers,4,1,0,3,5,8,-3,3
4,19,G. Bordeaux,4,1,0,3,3,7,-4,3
4,20,Guingamp,4,0,0,4,3,10,-7,0
5,1,Paris SG,5,5,0,0,17,4,13,15
5,2,Marseille,5,3,1,1,14,7,7,10
5,3,LOSC Lille,5,3,1,1,9,4,5,10
5,4,Toulouse,5,3,1,1,6,7,-1,10
5,5,Dijon,5,3,0,2,9,6,3,9
5,6,Montpellier,5,2,2,1,5,4,1,8
5,7,Olympique Lyon,5,2,1,2,6,4,2,7
5,8,Nimes Olympique,5,2,1,2,12,12,0,7
5,9,Stade Rennais,5,2,1,2,7,7,0,7
5,10,Reims,5,2,1,2,3,5,-2,7
5,11,OGC Nice,5,2,1,2,4,7,-3,7
5,12,SCO Angers,5,2,0,3,8,9,-1,6
5,13,SM Caen,5,1,3,1,6,7,-1,6
5,14,Saint-Etienne,5,1,3,1,3,6,-3,6
5,15,Monaco,5,1,2,2,7,7,0,5
5,16,R. Strasbourg,5,1,2,2,6,7,-1,5
5,17,FC Nantes,5,1,2,2,5,8,-3,5
5,18,SC Amiens,5,1,1,3,7,8,-1,4
5,19,G. Bordeaux,5,1,1,3,6,10,-4,4
5,20,Guingamp,5,0,0,5,3,14,-11,0
6,1,Paris SG,6,6,0,0,20,5,15,18
6,2,LOSC Lille,6,4,1,1,11,5,6,13
6,3,Montpellier,6,3,2,1,6,4,2,11
6,4,Toulouse,6,3,2,1,6,7,-1,11
6,5,Marseille,6,3,1,2,16,11,5,10
6,6,Olympique Lyon,6,3,1,2,10,6,4,10
6,7,Dijon,6,3,1,2,9,6,3,10
6,8,Saint-Etienne,6,2,3,1,5,7,-2,9
6,9,R. Strasbourg,6,2,2,2,9,8,1,8
6,10,Nimes Olympique,6,2,2,2,13,13,0,8
6,11,Reims,6,2,2,2,3,5,-2,8
6,12,SCO Angers,6,2,1,3,8,9,-1,7
6,13,G. Bordeaux,6,2,1,3,9,11,-2,7
6,14,Stade Rennais,6,2,1,3,8,10,-2,7
6,15,OGC Nice,6,2,1,3,4,8,-4,7
6,16,Monaco,6,1,3,2,8,8,0,6
6,17,SM Caen,6,1,3,2,7,9,-2,6
6,18,FC Nantes,6,1,2,3,6,10,-4,5
6,19,SC Amiens,6,1,1,4,8,11,-3,4
6,20,Guingamp,6,0,0,6,4,17,-13,0
7,1,Paris SG,7,7,0,0,24,6,18,21
7,2,Olympique Lyon,7,4,1,2,13,6,7,13
7,3,Marseille,7,4,1,2,19,13,6,13
7,4,LOSC Lille,7,4,1,2,11,6,5,13
7,5,Montpellier,7,3,3,1,8,6,2,12
7,6,Saint-Etienne,7,3,3,1,8,9,-1,12
7,7,Toulouse,7,3,2,2,8,10,-2,11
7,8,SCO Angers,7,3,1,3,9,9,0,10
7,9,Dijon,7,3,1,3,9,9,0,10
7,10,G. Bordeaux,7,3,1,3,10,11,-1,10
7,11,OGC Nice,7,3,1,3,6,9,-3,10
7,12,Nimes Olympique,7,2,3,2,13,13,0,9
7,13,R. Strasbourg,7,2,2,3,11,11,0,8
7,14,Reims,7,2,2,3,4,9,-5,8
7,15,SC Amiens,7,2,1,4,10,12,-2,7
7,16,SM Caen,7,1,4,2,9,11,-2,7
7,17,Stade Rennais,7,2,1,4,9,12,-3,7
7,18,Monaco,7,1,3,3,8,9,-1,6
7,19,FC Nantes,7,1,2,4,7,12,-5,5
7,20,Guingamp,7,0,1,6,4,17,-13,1
8,1,Paris SG,8,8,0,0,27,6,21,24
8,2,LOSC Lille,8,5,1,2,14,6,8,16
8,3,Montpellier,8,4,3,1,11,6,5,15
8,4,Saint-Etienne,8,4,3,1,10,9,1,15
8,5,Olympique Lyon,8,4,2,2,14,7,7,14
8,6,Marseille,8,4,1,3,19,16,3,13
8,7,Toulouse,8,3,3,2,9,11,-2,12
8,8,R. Strasbourg,8,3,2,3,14,11,3,11
8,9,G. Bordeaux,8,3,2,3,10,11,-1,11
8,10,SM Caen,8,2,4,2,10,11,-1,10
8,11,SCO Angers,8,3,1,4,9,10,-1,10
8,12,Dijon,8,3,1,4,9,12,-3,10
8,13,OGC Nice,8,3,1,4,6,12,-6,10
8,14,Nimes Olympique,8,2,3,3,13,16,-3,9
8,15,Reims,8,2,3,3,4,9,-5,9
8,16,Stade Rennais,8,2,2,4,10,13,-3,8
8,17,SC Amiens,8,2,1,5,10,13,-3,7
8,18,Monaco,8,1,3,4,8,11,-3,6
8,19,FC Nantes,8,1,3,4,8,13,-5,6
8,20,Guingamp,8,1,1,6,5,17,-12,4
9,1,Paris SG,9,9,0,0,32,6,26,27
9,2,LOSC Lille,9,6,1,2,17,7,10,19
9,3,Marseille,9,5,1,3,21,16,5,16
9,4,Montpellier,9,4,4,1,12,7,5,16
9,5,Saint-Etienne,9,4,3,2,11,12,-1,15
9,6,Olympique Lyon,9,4,2,3,14,12,2,14
9,7,G. Bordeaux,9,4,2,3,13,11,2,14
9,8,Toulouse,9,3,4,2,10,12,-2,13
9,9,R. Strasbourg,9,3,3,3,16,13,3,12
9,10,SCO Angers,9,3,2,4,11,12,-1,11
9,11,Stade Rennais,9,3,2,4,12,14,-2,11
9,12,OGC Nice,9,3,2,4,7,13,-6,11
9,13,SC Amiens,9,3,1,5,11,13,-2,10
9,14,Nimes Olympique,9,2,4,3,13,16,-3,10
9,15,SM Caen,9,2,4,3,10,13,-3,10
9,16,Dijon,9,3,1,5,9,13,-4,10
9,17,Reims,9,2,4,3,4,9,-5,10
9,18,Monaco,9,1,3,5,9,13,-4,6
9,19,FC Nantes,9,1,3,5,8,16,-8,6
9,20,Guingamp,9,1,2,6,6,18,-12,5
10,1,Paris SG,10,10,0,0,37,6,31,30
10,2,LOSC Lille,10,7,1,2,19,8,11,22
10,3,Montpellier,10,5,4,1,14,7,7,19
10,4,Marseille,10,6,1,3,22,16,6,19
10,5,Olympique Lyon,10,5,2,3,16,12,4,17
10,6,Saint-Etienne,10,4,4,2,12,13,-1,16
10,7,R. Strasbourg,10,4,3,3,18,14,4,15
10,8,G. Bordeaux,10,4,2,4,13,13,0,14
10,9,Toulouse,10,3,4,3,10,16,-6,13
10,10,SCO Angers,10,3,3,4,12,13,-1,12
10,11,Stade Rennais,10,3,3,4,13,15,-2,12
10,12,SM Caen,10,2,5,3,10,13,-3,11
10,13,Reims,10,2,5,3,5,10,-5,11
10,14,OGC Nice,10,3,2,5,7,14,-7,11
10,15,Nimes Olympique,10,2,4,4,13,18,-5,10
10,16,Dijon,10,3,1,6,10,15,-5,10
10,17,SC Amiens,10,3,1,6,11,18,-7,10
10,18,FC Nantes,10,2,3,5,12,16,-4,9
10,19,Monaco,10,1,3,6,10,15,-5,6
10,20,Guingamp,10,1,3,6,6,18,-12,6
11,1,Paris SG,11,11,0,0,39,6,33,33
11,2,LOSC Lille,11,8,1,2,20,8,12,25
11,3,Montpellier,11,6,4,1,17,7,10,22
11,4,Olympique Lyon,11,6,2,3,18,13,5,20
11,5,Marseille,11,6,1,4,22,18,4,19
11,6,Saint-Etienne,11,4,5,2,13,14,-1,17
11,7,R. Strasbourg,11,4,4,3,19,15,4,16
11,8,G. Bordeaux,11,4,2,5,13,14,-1,14
11,9,Reims,11,3,5,3,7,10,-3,14
11,10,OGC Nice,11,4,2,5,8,14,-6,14
11,11,Toulouse,11,3,4,4,10,19,-9,13
11,12,SCO Angers,11,3,3,5,13,15,-2,12
11,13,FC Nantes,11,3,3,5,14,17,-3,12
11,14,Stade Rennais,11,3,3,5,13,17,-4,12
11,15,SM Caen,11,2,5,4,10,14,-4,11
11,16,Nimes Olympique,11,2,5,4,14,19,-5,11
11,17,Dijon,11,3,2,6,12,17,-5,11
11,18,SC Amiens,11,3,1,7,12,20,-8,10
11,19,Monaco,11,1,4,6,12,17,-5,7
11,20,Guingamp,11,1,4,6,7,19,-12,7
12,1,Paris SG,12,12,0,0,41,7,34,36
12,2,Montpellier,12,7,4,1,20,7,13,25
12,3,LOSC Lille,12,8,1,3,21,10,11,25
12,4,Olympique Lyon,12,6,3,3,19,14,5,21
12,5,Saint-Etienne,12,5,5,2,17,17,0,20
12,6,Marseille,12,6,1,5,22,21,1,19
12,7,R. Strasbourg,12,4,5,3,20,16,4,17
12,8,Reims,12,4,5,3,8,10,-2,17
12,9,OGC Nice,12,5,2,5,9,14,-5,17
12,10,FC Nantes,12,4,3,5,19,17,2,15
12,11,G. Bordeaux,12,4,3,5,14,15,-1,15
12,12,Stade Rennais,12,4,3,5,15,18,-3,15
12,13,Nimes Olympique,12,3,5,4,18,19,-1,14
12,14,Toulouse,12,3,5,4,11,20,-9,14
12,15,SCO Angers,12,3,3,6,16,19,-3,12
12,16,SM Caen,12,2,5,5,11,16,-5,11
12,17,Dijon,12,3,2,7,12,21,-9,11
12,18,SC Amiens,12,3,1,8,12,21,-9,10
12,19,Monaco,12,1,4,7,12,18,-6,7
12,20,Guingamp,12,1,4,7,7,24,-17,7
13,1,Paris SG,13,13,0,0,45,7,38,39
13,2,LOSC Lille,13,8,2,3,21,10,11,26
13,3,Montpellier,13,7,4,2,20,8,12,25
13,4,Olympique Lyon,13,7,3,3,23,16,7,24
13,5,Saint-Etienne,13,6,5,2,19,17,2,23
13,6,Marseille,13,7,1,5,24,21,3,22
13,7,OGC Nice,13,6,2,5,10,14,-4,20
13,8,R. Strasbourg,13,4,6,3,20,16,4,18
13,9,Reims,13,4,5,4,8,12,-4,17
13,10,FC Nantes,13,4,4,5,20,18,2,16
13,11,G. Bordeaux,13,4,4,5,14,15,-1,16
13,12,Stade Rennais,13,4,4,5,16,19,-3,16
13,13,SCO Angers,13,4,3,6,17,19,-2,15
13,14,Nimes Olympique,13,3,5,5,18,20,-2,14
13,15,Toulouse,13,3,5,5,11,21,-10,14
13,16,SC Amiens,13,4,1,8,13,21,-8,13
13,17,SM Caen,13,2,6,5,11,16,-5,12
13,18,Dijon,13,3,2,8,12,23,-11,11
13,19,Monaco,13,1,4,8,12,22,-10,7
13,20,Guingamp,13,1,4,8,9,28,-19,7
14,1,Paris SG,14,14,0,0,46,7,39,42
14,2,Olympique Lyon,14,8,3,3,24,16,8,27
14,3,Montpellier,14,7,5,2,22,10,12,26
14,4,LOSC Lille,14,8,2,4,21,12,9,26
14,5,Marseille,14,8,1,5,27,22,5,25
14,6,Saint-Etienne,14,6,5,3,19,18,1,23
14,7,OGC Nice,14,7,2,5,12,14,-2,23
14,8,Reims,14,5,5,4,10,13,-3,20
14,9,R. Strasbourg,14,4,6,4,20,17,3,18
14,10,FC Nantes,14,4,5,5,21,19,2,17
14,11,Nimes Olympique,14,4,5,5,19,20,-1,17
14,12,G. Bordeaux,14,4,5,5,14,15,-1,17
14,13,Stade Rennais,14,4,5,5,18,21,-3,17
14,14,SCO Angers,14,4,4,6,18,20,-2,16
14,15,Toulouse,14,3,5,6,11,22,-11,14
14,16,SC Amiens,14,4,1,9,14,24,-10,13
14,17,SM Caen,14,2,6,6,11,17,-6,12
14,18,Dijon,14,3,3,8,12,23,-11,12
14,19,Monaco,14,2,4,8,13,22,-9,10
14,20,Guingamp,14,1,4,9,10,30,-20,7
15,1,Paris SG,15,14,1,0,48,9,39,43
15,2,Montpellier,15,8,5,2,24,11,13,29
15,3,Olympique Lyon,15,8,4,3,26,18,8,28
15,4,LOSC Lille,15,8,3,4,23,14,9,27
15,5,Marseille,15,8,2,5,27,22,5,26
15,6,Saint-Etienne,15,7,5,3,22,18,4,26
15,7,OGC Nice,15,7,3,5,12,14,-2,24
15,8,R. Strasbourg,15,5,6,4,24,18,6,21
15,9,Reims,15,5,6,4,10,13,-3,21
15,10,Nimes Olympique,15,5,5,5,22,20,2,20
15,11,G. Bordeaux,15,4,6,5,16,17,-1,18
15,12,FC Nantes,15,4,5,6,21,22,-1,17
15,13,SCO Angers,15,4,5,6,19,21,-2,17
15,14,Stade Rennais,15,4,5,6,19,25,-6,17
15,15,Toulouse,15,3,6,6,13,24,-11,15
15,16,SM Caen,15,2,7,6,12,18,-6,13
15,17,Dijon,15,3,4,8,14,25,-11,13
15,18,SC Amiens,15,4,1,10,14,27,-13,13
15,19,Monaco,15,2,4,9,14,24,-10,10
15,20,Guingamp,15,1,5,9,10,30,-20,8
16,1,Paris SG,16,14,2,0,49,10,39,44
16,2,LOSC Lille,16,9,3,4,24,14,10,30
16,3,Montpellier,16,8,5,3,24,12,12,29
16,4,Olympique Lyon,16,8,4,4,26,20,6,28
16,5,Marseille,16,8,2,6,29,25,4,26
16,6,Saint-Etienne,16,7,5,4,24,21,3,26
16,7,OGC Nice,16,7,4,5,12,14,-2,25
16,8,Nimes Olympique,16,6,5,5,24,21,3,23
16,9,R. Strasbourg,16,5,7,4,25,19,6,22
16,10,G. Bordeaux,16,5,6,5,19,19,0,21
16,11,Reims,16,5,6,5,10,14,-4,21
16,12,FC Nantes,16,5,5,6,24,24,0,20
16,13,Stade Rennais,16,5,5,6,21,25,-4,20
16,14,SCO Angers,16,4,6,6,19,21,-2,18
16,15,Toulouse,16,4,6,6,14,24,-10,18
16,16,Dijon,16,4,4,8,16,26,-10,16
16,17,SM Caen,16,2,7,7,13,20,-7,13
16,18,Monaco,16,3,4,9,16,24,-8,13
16,19,SC Amiens,16,4,1,11,14,29,-15,13
16,20,Guingamp,16,1,5,10,11,32,-21,8
17,1,Paris SG,17,15,2,0,54,11,43,47
17,2,LOSC Lille,17,9,4,4,25,15,10,31
17,3,Montpellier,17,8,5,4,25,17,8,29
17,4,Olympique Lyon,17,8,5,4,28,22,6,29
17,5,Saint-Etienne,17,8,5,4,26,22,4,29
17,6,Nimes Olympique,17,7,5,5,25,21,4,26
17,7,Marseille,17,8,2,7,30,27,3,26
17,8,OGC Nice,17,7,5,5,13,15,-2,26
17,9,G. Bordeaux,17,6,6,5,21,20,1,24
17,10,R. Strasbourg,17,5,8,4,27,21,6,23
17,11,Stade Rennais,17,6,5,6,23,25,-2,23
17,12,Reims,17,5,7,5,11,15,-4,22
17,13,FC Nantes,17,5,5,7,24,25,-1,20
17,14,Toulouse,17,4,7,6,16,26,-10,19
17,15,SCO Angers,17,4,6,7,20,23,-3,18
17,16,Dijon,17,4,4,9,16,28,-12,16
17,17,SC Amiens,17,5,1,11,16,30,-14,16
17,18,SM Caen,17,2,8,7,15,22,-7,14
17,19,Monaco,17,3,5,9,17,25,-8,14
17,20,Guingamp,17,1,5,11,12,34,-22,8
18,1,Paris SG,18,16,2,0,58,11,47,50
18,2,LOSC Lille,18,10,4,4,28,17,11,34
18,3,Olympique Lyon,18,9,5,4,31,22,9,32
18,4,Saint-Etienne,18,8,6,4,27,23,4,30
18,5,Montpellier,18,8,5,5,25,19,6,29
18,6,Marseille,18,9,2,7,31,27,4,29
18,7,OGC Nice,18,7,6,5,14,16,-2,27
18,8,Nimes Olympique,18,7,5,6,27,24,3,26
18,9,Reims,18,6,7,5,13,16,-3,25
18,10,G. Bordeaux,18,6,6,6,21,21,0,24
18,11,R. Strasbourg,18,5,8,5,28,23,5,23
18,12,FC Nantes,18,6,5,7,26,25,1,23
18,13,Stade Rennais,18,6,5,7,24,27,-3,23
18,14,SCO Angers,18,4,7,7,20,23,-3,19
18,15,Toulouse,18,4,7,7,17,28,-11,19
18,16,SM Caen,18,3,8,7,17,23,-6,17
18,17,SC Amiens,18,5,2,11,16,30,-14,17
18,18,Dijon,18,4,4,10,16,32,-16,16
18,19,Monaco,18,3,5,10,17,28,-11,14
18,20,Guingamp,18,2,5,11,14,35,-21,11
19,1,Paris SG,19,17,2,0,59,11,48,53
19,2,LOSC Lille,19,10,4,5,29,19,10,34
19,3,Olympique Lyon,19,9,6,4,32,23,9,33
19,4,Saint-Etienne,19,9,6,4,30,23,7,33
19,5,Montpellier,19,8,6,5,26,20,6,30
19,6,Marseille,19,9,3,7,32,28,4,30
19,7,OGC Nice,19,7,6,6,14,18,-4,27
19,8,R. Strasbourg,19,6,8,5,30,23,7,26
19,9,Stade Rennais,19,7,5,7,28,27,1,26
19,10,Nimes Olympique,19,7,5,7,27,28,-1,26
19,11,Reims,19,6,8,5,15,18,-3,26
19,12,G. Bordeaux,19,6,7,6,22,22,0,25
19,13,FC Nantes,19,6,5,8,26,26,0,23
19,14,Toulouse,19,5,7,7,19,29,-10,22
19,15,SCO Angers,19,4,8,7,21,24,-3,20
19,16,SM Caen,19,3,9,7,19,25,-6,18
19,17,SC Amiens,19,5,3,11,17,31,-14,18
19,18,Dijon,19,4,4,11,16,35,-19,16
19,19,Monaco,19,3,5,11,17,30,-13,14
19,20,Guingamp,19,3,5,11,16,35,-19,14
20,1,Paris SG,20,18,2,0,62,11,51,56
20,2,LOSC Lille,20,11,4,5,32,20,12,37
20,3,Saint-Etienne,20,10,6,4,31,23,8,36
20,4,Olympique Lyon,20,9,7,4,33,24,9,34
20,5,Montpellier,20,8,7,5,27,21,6,31
20,6,Marseille,20,9,4,7,33,29,4,31
20,7,OGC Nice,20,8,6,6,15,18,-3,30
20,8,R. Strasbourg,20,7,8,5,32,24,8,29
20,9,Stade Rennais,20,8,5,7,29,27,2,29
20,10,Nimes Olympique,20,8,5,7,30,29,1,29
20,11,Reims,20,6,9,5,16,19,-3,27
20,12,G. Bordeaux,20,6,7,7,22,23,-1,25
20,13,FC Nantes,20,6,5,9,26,27,-1,23
20,14,Toulouse,20,5,7,8,20,31,-11,22
20,15,SCO Angers,20,4,8,8,22,27,-5,20
20,16,SM Caen,20,3,9,8,20,28,-8,18
20,17,SC Amiens,20,5,3,12,17,34,-17,18
20,18,Dijon,20,4,5,11,17,36,-19,17
20,19,Monaco,20,3,6,11,18,31,-13,15
20,20,Guingamp,20,3,5,12,16,36,-20,14
21,1,Paris SG,21,19,2,0,71,11,60,59
21,2,LOSC Lille,21,12,4,5,34,21,13,40
21,3,Olympique Lyon,21,10,7,4,35,25,10,37
21,4,Saint-Etienne,21,10,6,5,32,25,7,36
21,5,Marseille,21,10,4,7,34,29,5,34
21,6,R. Strasbourg,21,8,8,5,37,25,12,32
21,7,Montpellier,21,8,8,5,27,21,6,32
21,8,OGC Nice,21,8,7,6,16,19,-3,31
21,9,Stade Rennais,21,8,6,7,29,27,2,30
21,10,Nimes Olympique,21,8,5,8,30,30,0,29
21,11,G. Bordeaux,21,7,7,7,23,23,0,28
21,12,Reims,21,6,10,5,17,20,-3,28
21,13,Toulouse,21,6,7,8,21,31,-10,25
21,14,FC Nantes,21,6,5,10,26,28,-2,23
21,15,SCO Angers,21,5,8,8,23,27,-4,23
21,16,SM Caen,21,3,9,9,20,29,-9,18
21,17,SC Amiens,21,5,3,13,18,36,-18,18
21,18,Dijon,21,4,5,12,17,37,-20,17
21,19,Monaco,21,3,6,12,19,36,-17,15
21,20,Guingamp,21,3,5,13,16,45,-29,14
22,1,Paris SG,22,20,2,0,75,12,63,62
22,2,LOSC Lille,22,13,4,5,36,22,14,43
22,3,Olympique Lyon,22,11,7,4,36,25,11,40
22,4,Saint-Etienne,22,10,7,5,33,26,7,37
22,5,R. Strasbourg,22,9,8,5,38,25,13,35
22,6,Montpellier,22,9,8,5,29,21,8,35
22,7,Marseille,22,10,4,8,35,31,4,34
22,8,OGC Nice,22,9,7,6,18,19,-1,34
22,9,Reims,22,7,10,5,18,20,-2,31
22,10,Stade Rennais,22,8,6,8,30,31,-1,30
22,11,Nimes Olympique,22,8,5,9,30,32,-2,29
22,12,G. Bordeaux,22,7,7,8,23,24,-1,28
22,13,Toulouse,22,6,8,8,21,31,-10,26
22,14,FC Nantes,22,6,6,10,27,29,-2,24
22,15,SCO Angers,22,5,9,8,23,27,-4,24
22,16,Dijon,22,5,5,12,19,37,-18,20
22,17,SM Caen,22,3,9,10,20,31,-11,18
22,18,SC Amiens,22,5,3,14,18,37,-19,18
22,19,Monaco,22,3,6,13,19,38,-19,15
22,20,Guingamp,22,3,5,14,16,46,-30,14
23,1,Paris SG,23,20,2,1,76,14,62,62
23,2,LOSC Lille,23,14,4,5,40,22,18,46
23,3,Olympique Lyon,23,12,7,4,38,26,12,43
23,4,Saint-Etienne,23,11,7,5,35,27,8,40
23,5,Montpellier,23,9,9,5,30,22,8,36
23,6,R. Strasbourg,23,9,8,6,39,27,12,35
23,7,Marseille,23,10,4,9,36,33,3,34
23,8,Reims,23,8,10,5,20,21,-1,34
23,9,OGC Nice,23,9,7,7,18,23,-5,34
23,10,Stade Rennais,23,9,6,8,31,31,0,33
23,11,Nimes Olympique,23,8,6,9,31,33,-2,30
23,12,G. Bordeaux,23,7,8,8,23,24,-1,29
23,13,FC Nantes,23,7,6,10,28,29,-1,27
23,14,SCO Angers,23,6,9,8,24,27,-3,27
23,15,Toulouse,23,6,8,9,22,33,-11,26
23,16,Dijon,23,5,5,13,19,38,-19,20
23,17,SM Caen,23,3,9,11,20,32,-12,18
23,18,Monaco,23,4,6,13,21,39,-18,18
23,19,SC Amiens,23,5,3,15,18,38,-20,18
23,20,Guingamp,23,3,6,14,16,46,-30,15
24,1,Paris SG,24,21,2,1,77,14,63,65
24,2,LOSC Lille,24,15,4,5,42,22,20,49
24,3,Olympique Lyon,24,12,7,5,38,27,11,43
24,4,Saint-Etienne,24,11,7,6,35,30,5,40
24,5,Montpellier,24,9,10,5,32,24,8,37
24,6,Marseille,24,11,4,9,38,34,4,37
24,7,OGC Nice,24,10,7,7,19,23,-4,37
24,8,Stade Rennais,24,10,6,8,34,31,3,36
24,9,R. Strasbourg,24,9,8,7,40,29,11,35
24,10,Reims,24,8,11,5,21,22,-1,35
24,11,Nimes Olympique,24,9,6,9,35,35,0,33
24,12,SCO Angers,24,7,9,8,26,28,-2,30
24,13,G. Bordeaux,24,7,8,9,23,25,-2,29
24,14,FC Nantes,24,7,6,11,30,33,-3,27
24,15,Toulouse,24,6,9,9,23,34,-11,27
24,16,SC Amiens,24,6,3,15,19,38,-19,21
24,17,Dijon,24,5,5,14,20,40,-20,20
24,18,Monaco,24,4,7,13,23,41,-18,19
24,19,SM Caen,24,3,9,12,20,33,-13,18
24,20,Guingamp,24,3,6,15,16,48,-32,15
25,1,Paris SG,25,22,2,1,78,14,64,68
25,2,LOSC Lille,25,15,5,5,42,22,20,50
25,3,Olympique Lyon,25,13,7,5,40,28,12,46
25,4,Marseille,25,12,4,9,40,34,6,40
25,5,Saint-Etienne,25,11,7,7,35,31,4,40
25,6,Montpellier,25,9,11,5,32,24,8,38
25,7,Reims,25,9,11,5,23,22,1,38
25,8,OGC Nice,25,10,7,8,19,26,-7,37
25,9,R. Strasbourg,25,9,9,7,40,29,11,36
25,10,Nimes Olympique,25,10,6,9,37,35,2,36
25,11,Stade Rennais,25,10,6,9,34,33,1,36
25,12,SCO Angers,25,8,9,8,29,28,1,33
25,13,G. Bordeaux,25,8,8,9,25,26,-1,32
25,14,FC Nantes,25,7,6,12,30,34,-4,27
25,15,Toulouse,25,6,9,10,24,36,-12,27
25,16,Monaco,25,5,7,13,24,41,-17,22
25,17,SC Amiens,25,6,3,16,19,40,-21,21
25,18,Dijon,25,5,5,15,20,42,-22,20
25,19,SM Caen,25,3,10,12,20,33,-13,19
25,20,Guingamp,25,3,6,16,17,50,-33,15
26,1,Paris SG,26,23,2,1,81,14,67,71
26,2,LOSC Lille,26,15,6,5,43,23,20,51
26,3,Olympique Lyon,26,13,7,6,40,30,10,46
26,4,Saint-Etienne,26,12,7,7,36,31,5,43
26,5,Marseille,26,12,5,9,41,35,6,41
26,6,Reims,26,10,11,5,27,24,3,41
26,7,Montpellier,26,9,11,6,34,28,6,38
26,8,R. Strasbourg,26,9,10,7,41,30,11,37
26,9,Stade Rennais,26,10,7,9,35,34,1,37
26,10,OGC Nice,26,10,7,9,19,27,-8,37
26,11,Nimes Olympique,26,10,6,10,37,38,-1,36
26,12,SCO Angers,26,8,9,9,29,29,0,33
26,13,G. Bordeaux,26,8,8,10,25,27,-2,32
26,14,FC Nantes,26,8,6,12,31,34,-3,30
26,15,Toulouse,26,6,10,10,25,37,-12,28
26,16,Monaco,26,6,7,13,26,41,-15,25
26,17,SC Amiens,26,7,3,16,20,40,-20,24
26,18,SM Caen,26,3,11,12,21,34,-13,20
26,19,Dijon,26,5,5,16,20,43,-23,20
26,20,Guingamp,26,4,6,16,18,50,-32,18
27,1,Paris SG,27,24,2,1,83,15,68,74
27,2,LOSC Lille,27,16,6,5,44,23,21,54
27,3,Olympique Lyon,27,14,7,6,45,31,14,49
27,4,Marseille,27,13,5,9,43,35,8,44
27,5,Saint-Etienne,27,12,7,8,36,33,3,43
27,6,Reims,27,10,12,5,29,26,3,42
27,7,Montpellier,27,10,11,6,36,29,7,41
27,8,OGC Nice,27,11,7,9,20,27,-7,40
27,9,Nimes Olympique,27,11,6,10,40,39,1,39
27,10,R. Strasbourg,27,9,10,8,41,31,10,37
27,11,Stade Rennais,27,10,7,10,36,37,-1,37
27,12,SCO Angers,27,8,10,9,31,31,0,34
27,13,G. Bordeaux,27,8,8,11,26,29,-3,32
27,14,FC Nantes,27,8,7,12,31,34,-3,31
27,15,Toulouse,27,6,10,11,26,42,-16,28
27,16,Monaco,27,6,8,13,28,43,-15,26
27,17,SC Amiens,27,7,4,16,22,42,-20,25
27,18,SM Caen,27,3,11,13,22,36,-14,20
27,19,Dijon,27,5,5,17,20,44,-24,20
27,20,Guingamp,27,4,7,16,18,50,-32,19
28,1,Paris SG,28,24,2,2,85,18,67,74
28,2,LOSC Lille,28,17,6,5,45,23,22,57
28,3,Olympique Lyon,28,14,8,6,47,33,14,50
28,4,Marseille,28,14,5,9,44,35,9,47
28,5,Reims,28,10,13,5,30,27,3,43
28,6,Saint-Etienne,28,12,7,9,36,34,2,43
28,7,Montpellier,28,10,12,6,38,31,7,42
28,8,Stade Rennais,28,11,7,10,39,38,1,40
28,9,OGC Nice,28,11,7,10,20,28,-8,40
28,10,Nimes Olympique,28,11,6,11,41,41,0,39
28,11,R. Strasbourg,28,9,11,8,43,33,10,38
28,12,SCO Angers,28,8,11,9,33,33,0,35
28,13,FC Nantes,28,9,7,12,34,36,-2,34
28,14,G. Bordeaux,28,8,9,11,27,30,-3,33
28,15,Toulouse,28,7,10,11,27,42,-15,31
28,16,SC Amiens,28,8,4,16,24,43,-19,28
28,17,Monaco,28,6,9,13,29,44,-15,27
28,18,Dijon,28,5,6,17,21,45,-24,21
28,19,SM Caen,28,3,11,14,23,39,-16,20
28,20,Guingamp,28,4,7,17,18,51,-33,19
29,1,Paris SG,29,25,2,2,88,19,69,77
29,2,LOSC Lille,29,17,6,6,45,24,21,57
29,3,Olympique Lyon,29,15,8,6,50,35,15,53
29,4,Marseille,29,14,5,10,45,38,7,47
29,5,Saint-Etienne,29,13,7,9,41,34,7,46
29,6,Reims,29,11,13,5,31,27,4,46
29,7,Montpellier,29,10,12,7,40,34,6,42
29,8,Stade Rennais,29,11,8,10,40,39,1,41
29,9,OGC Nice,29,11,8,10,21,29,-8,41
29,10,Nimes Olympique,29,11,7,11,43,43,0,40
29,11,R. Strasbourg,29,9,12,8,45,35,10,39
29,12,SCO Angers,29,8,12,9,33,33,0,36
29,13,FC Nantes,29,9,7,13,34,37,-3,34
29,14,G. Bordeaux,29,8,10,11,28,31,-3,34
29,15,Toulouse,29,7,11,11,28,43,-15,32
29,16,Monaco,29,7,9,13,30,44,-14,30
29,17,SC Amiens,29,8,5,16,24,43,-19,29
29,18,Guingamp,29,5,7,17,19,51,-32,22
29,19,Dijon,29,5,6,18,21,46,-25,21
29,20,SM Caen,29,3,11,15,23,44,-21,20
30,1,Paris SG,30,26,2,2,89,19,70,80
30,2,LOSC Lille,30,18,6,6,48,26,22,60
30,3,Olympique Lyon,30,16,8,6,51,35,16,56
30,4,Saint-Etienne,30,14,7,9,43,35,8,49
30,5,Marseille,30,14,6,10,47,40,7,48
30,6,Reims,30,11,13,6,31,31,0,46
30,7,Montpellier,30,11,12,7,42,34,8,45
30,8,OGC Nice,30,12,8,10,22,29,-7,44
30,9,R. Strasbourg,30,10,12,8,49,35,14,42
30,10,Stade Rennais,30,11,8,11,40,40,0,41
30,11,Nimes Olympique,30,11,7,12,44,45,-1,40
30,12,SCO Angers,30,8,13,9,35,35,0,37
30,13,G. Bordeaux,30,8,11,11,28,31,-3,35
30,14,FC Nantes,30,9,7,14,36,40,-4,34
30,15,Toulouse,30,7,11,12,28,44,-16,32
30,16,Monaco,30,7,9,14,30,45,-15,30
30,17,SC Amiens,30,8,6,16,24,43,-19,30
30,18,SM Caen,30,4,11,15,24,44,-20,23
30,19,Guingamp,30,5,7,18,19,53,-34,22
30,20,Dijon,30,5,6,19,21,47,-26,21
31,1,Paris SG,31,26,3,2,91,21,70,81
31,2,LOSC Lille,31,18,7,6,49,27,22,61
31,3,Olympique Lyon,31,16,8,7,52,38,14,56
31,4,Saint-Etienne,31,14,8,9,45,37,8,50
31,5,Marseille,31,14,6,11,47,42,5,48
31,6,Reims,31,11,14,6,32,32,0,47
31,7,OGC Nice,31,13,8,10,23,29,-6,47
31,8,Montpellier,31,11,12,8,42,35,7,45
31,9,R. Strasbourg,31,10,13,8,51,37,14,43
31,10,Nimes Olympique,31,12,7,12,46,45,1,43
31,11,Stade Rennais,31,11,9,11,43,43,0,42
31,12,SCO Angers,31,8,14,9,38,38,0,38
31,13,G. Bordeaux,31,9,11,11,30,31,-1,38
31,14,Toulouse,31,8,11,12,29,44,-15,35
31,15,FC Nantes,31,9,7,15,36,41,-5,34
31,16,Monaco,31,7,10,14,31,46,-15,31
31,17,SC Amiens,31,8,7,16,26,45,-19,31
31,18,Dijon,31,6,6,19,24,48,-24,24
31,19,SM Caen,31,4,11,16,24,46,-22,23
31,20,Guingamp,31,5,8,18,20,54,-34,23
32,1,Paris SG,32,26,3,3,92,26,66,81
32,2,LOSC Lille,32,19,7,6,54,28,26,64
32,3,Olympique Lyon,32,16,8,8,53,40,13,56
32,4,Saint-Etienne,32,15,8,9,48,37,11,53
32,5,Marseille,32,15,6,11,49,43,6,51
32,6,Montpellier,32,12,12,8,44,36,8,48
32,7,Reims,32,11,15,6,32,32,0,48
32,8,OGC Nice,32,13,9,10,23,29,-6,48
32,9,R. Strasbourg,32,10,14,8,54,40,14,44
32,10,Nimes Olympique,32,12,7,13,47,47,0,43
32,11,Stade Rennais,32,11,10,11,43,43,0,43
32,12,SCO Angers,32,9,14,9,39,38,1,41
32,13,G. Bordeaux,32,9,11,12,30,34,-4,38
32,14,FC Nantes,32,10,7,15,38,42,-4,37
32,15,Toulouse,32,8,11,13,30,46,-16,35
32,16,Monaco,32,7,11,14,31,46,-15,32
32,17,SC Amiens,32,8,8,16,26,45,-19,32
32,18,Dijon,32,6,7,19,24,48,-24,25
32,19,Guingamp,32,5,9,18,23,57,-34,24
32,20,SM Caen,32,4,11,17,24,47,-23,23
33,1,Paris SG,33,27,3,3,95,27,68,84
33,2,LOSC Lille,33,19,8,6,54,28,26,65
33,3,Olympique Lyon,33,17,8,8,55,41,14,59
33,4,Saint-Etienne,33,16,8,9,50,37,13,56
33,5,Marseille,33,16,6,11,52,44,8,54
33,6,Montpellier,33,13,12,8,47,37,10,51
33,7,Reims,33,11,15,7,32,34,-2,48
33,8,OGC Nice,33,13,9,11,23,30,-7,48
33,9,Nimes Olympique,33,13,7,13,49,48,1,46
33,10,R. Strasbourg,33,10,14,9,55,43,12,44
33,11,Stade Rennais,33,11,10,12,45,46,-1,43
33,12,SCO Angers,33,9,14,10,40,40,0,41
33,13,FC Nantes,33,11,7,15,41,44,-3,40
33,14,G. Bordeaux,33,9,11,13,31,36,-5,38
33,15,Toulouse,33,8,12,13,30,46,-16,36
33,16,Monaco,33,7,11,15,32,49,-17,32
33,17,SC Amiens,33,8,8,17,28,48,-20,32
33,18,Dijon,33,7,7,19,27,50,-23,28
33,19,SM Caen,33,5,11,17,25,47,-22,26
33,20,Guingamp,33,5,9,19,24,60,-36,24
34,1,Paris SG,34,27,3,4,97,30,67,84
34,2,LOSC Lille,34,20,8,6,59,28,31,68
34,3,Olympique Lyon,34,18,8,8,58,43,15,62
34,4,Saint-Etienne,34,17,8,9,52,37,15,59
34,5,Montpellier,34,14,12,8,50,39,11,54
34,6,Marseille,34,16,6,12,53,46,7,54
34,7,OGC Nice,34,14,9,11,26,30,-4,51
34,8,Reims,34,11,16,7,33,35,-2,49
34,9,Nimes Olympique,34,13,7,14,49,53,-4,46
34,10,R. Strasbourg,34,10,15,9,55,43,12,45
34,11,Stade Rennais,34,11,11,12,47,48,-1,44
34,12,FC Nantes,34,12,7,15,43,45,-2,43
34,13,SCO Angers,34,9,15,10,41,41,0,42
34,14,G. Bordeaux,34,9,11,14,33,39,-6,38
34,15,Toulouse,34,8,12,14,30,48,-18,36
34,16,Monaco,34,7,12,15,34,51,-17,33
34,17,SC Amiens,34,8,9,17,28,48,-20,33
34,18,SM Caen,34,6,11,17,26,47,-21,29
34,19,Dijon,34,7,7,20,27,51,-24,28
34,20,Guingamp,34,5,9,20,24,63,-39,24
35,1,Paris SG,35,27,4,4,98,31,67,85
35,2,LOSC Lille,35,20,9,6,61,30,31,69
35,3,Olympique Lyon,35,18,9,8,60,45,15,63
35,4,Saint-Etienne,35,18,8,9,55,39,16,62
35,5,Montpellier,35,14,13,8,51,40,11,55
35,6,Marseille,35,16,7,12,54,47,7,55
35,7,OGC Nice,35,14,10,11,27,31,-4,52
35,8,Nimes Olympique,35,14,7,14,52,53,-1,49
35,9,Reims,35,11,16,8,33,38,-5,49
35,10,R. Strasbourg,35,10,16,9,56,44,12,46
35,11,FC Nantes,35,13,7,15,46,45,1,46
35,12,SCO Angers,35,10,15,10,42,41,1,45
35,13,Stade Rennais,35,11,12,12,49,50,-1,45
35,14,G. Bordeaux,35,9,11,15,33,40,-7,38
35,15,Toulouse,35,8,13,14,32,50,-18,37
35,16,SC Amiens,35,8,10,17,29,49,-20,34
35,17,Monaco,35,7,12,16,36,54,-18,33
35,18,SM Caen,35,6,12,17,26,47,-21,30
35,19,Dijon,35,7,7,21,27,54,-27,28
35,20,Guingamp,35,5,10,20,24,63,-39,25
36,1,Paris SG,36,28,4,4,100,32,68,88
36,2,LOSC Lille,36,21,9,6,62,30,32,72
36,3,Olympique Lyon,36,19,9,8,63,45,18,66
36,4,Saint-Etienne,36,18,8,10,55,40,15,62
36,5,Montpellier,36,15,13,8,52,40,12,58
36,6,Marseille,36,16,7,13,54,50,4,55
36,7,OGC Nice,36,14,11,11,28,32,-4,53
36,8,Nimes Olympique,36,15,7,14,53,53,0,52
36,9,Reims,36,11,16,9,35,41,-6,49
36,10,FC Nantes,36,13,8,15,47,46,1,47
36,11,R. Strasbourg,36,10,16,10,57,46,11,46
36,12,Stade Rennais,36,11,13,12,50,51,-1,46
36,13,SCO Angers,36,10,15,11,43,43,0,45
36,14,G. Bordeaux,36,9,11,16,33,41,-8,38
36,15,Toulouse,36,8,14,14,32,50,-18,38
36,16,SC Amiens,36,8,11,17,29,49,-20,35
36,17,Monaco,36,7,12,17,36,55,-19,33
36,18,SM Caen,36,7,12,17,29,49,-20,33
36,19,Dijon,36,8,7,21,29,55,-26,31
36,20,Guingamp,36,5,11,20,25,64,-39,26
37,1,Paris SG,37,29,4,4,104,32,72,91
37,2,LOSC Lille,37,22,9,6,67,30,37,75
37,3,Olympique Lyon,37,20,9,8,67,45,22,69
37,4,Saint-Etienne,37,19,8,10,58,40,18,65
37,5,Montpellier,37,15,14,8,53,41,12,59
37,6,Marseille,37,17,7,13,59,52,7,58
37,7,Nimes Olympique,37,15,8,14,55,55,0,53
37,8,OGC Nice,37,14,11,12,28,35,-7,53
37,9,Reims,37,12,16,9,36,41,-5,52
37,10,Stade Rennais,37,12,13,12,52,51,1,49
37,11,FC Nantes,37,13,9,15,48,47,1,48
37,12,R. Strasbourg,37,10,16,11,57,48,9,46
37,13,SCO Angers,37,10,15,12,43,48,-5,45
37,14,G. Bordeaux,37,9,11,17,33,42,-9,38
37,15,Toulouse,37,8,14,15,34,55,-21,38
37,16,Monaco,37,8,12,17,38,55,-17,36
37,17,SC Amiens,37,8,11,18,29,51,-22,35
37,18,SM Caen,37,7,12,18,29,53,-24,33
37,19,Dijon,37,8,7,22,29,59,-30,31
37,20,Guingamp,37,5,12,20,27,66,-39,27
38,1,Paris SG,38,29,4,5,105,35,70,91
38,2,LOSC Lille,38,22,9,7,68,33,35,75
38,3,Olympique Lyon,38,21,9,8,70,47,23,72
38,4,Saint-Etienne,38,19,9,10,59,41,18,66
38,5,Marseille,38,18,7,13,60,52,8,61
38,6,Montpellier,38,15,14,9,53,42,11,59
38,7,OGC Nice,38,15,11,12,30,35,-5,56
38,8,Reims,38,13,16,9,39,42,-3,55
38,9,Nimes Olympique,38,15,8,15,57,58,-1,53
38,10,Stade Rennais,38,13,13,12,55,52,3,52
38,11,R. Strasbourg,38,11,16,11,58,48,10,49
38,12,FC Nantes,38,13,9,16,48,48,0,48
38,13,SCO Angers,38,10,16,12,44,49,-5,46
38,14,G. Bordeaux,38,10,11,17,34,42,-8,41
38,15,SC Amiens,38,9,11,18,31,52,-21,38
38,16,Toulouse,38,8,14,16,35,57,-22,38
38,17,Monaco,38,8,12,18,38,57,-19,36
38,18,Dijon,38,9,7,22,31,60,-29,34
38,19,SM Caen,38,7,12,19,29,54,-25,33
38,20,Guingamp,38,5,12,21,28,68,-40,27
