1,1,Bor. Dortmund,1,1,0,0,4,1,3,3
1,2,Bayern Munchen,1,1,0,0,3,1,2,3
1,3,E. Frankfurt,1,1,0,0,2,0,2,3
1,4,Bor. M'gladbach,1,1,0,0,2,0,2,3
1,5,FC Augsburg,1,1,0,0,2,1,1,3
1,6,VfL Wolfsburg,1,1,0,0,2,1,1,3
1,7,Hertha BSC,1,1,0,0,1,0,1,3
1,8,1.FSV Mainz 05,1,1,0,0,1,0,1,3
1,9,Werder Bremen,1,0,1,0,1,1,0,1
1,10,Hannover 96,1,0,1,0,1,1,0,1
1,11,FC Schalke 04,1,0,0,1,1,2,-1,0
1,12,F. Dusseldorf,1,0,0,1,1,2,-1,0
1,13,VfB Stuttgart,1,0,0,1,0,1,-1,0
1,14,1.FC Nurnberg,1,0,0,1,0,1,-1,0
1,15,TSG Hoffenheim,1,0,0,1,1,3,-2,0
1,16,Bay. Leverkusen,1,0,0,1,0,2,-2,0
1,17,SC Fribourg,1,0,0,1,0,2,-2,0
1,18,RB Leipzig,1,0,0,1,1,4,-3,0
2,1,Bayern Munchen,2,2,0,0,6,1,5,6
2,2,VfL Wolfsburg,2,2,0,0,5,2,3,6
2,3,Hertha BSC,2,2,0,0,3,0,3,6
2,4,Bor. Dortmund,2,1,1,0,4,1,3,4
2,5,Bor. M'gladbach,2,1,1,0,3,1,2,4
2,6,Werder Bremen,2,1,1,0,3,2,1,4
2,7,FC Augsburg,2,1,1,0,3,2,1,4
2,8,1.FSV Mainz 05,2,1,1,0,2,1,1,4
2,9,E. Frankfurt,2,1,0,1,3,2,1,3
2,10,TSG Hoffenheim,2,1,0,1,4,4,0,3
2,11,Hannover 96,2,0,2,0,1,1,0,2
2,12,F. Dusseldorf,2,0,1,1,2,3,-1,1
2,13,1.FC Nurnberg,2,0,1,1,1,2,-1,1
2,14,RB Leipzig,2,0,1,1,2,5,-3,1
2,15,FC Schalke 04,2,0,0,2,1,4,-3,0
2,16,Bay. Leverkusen,2,0,0,2,1,5,-4,0
2,17,SC Fribourg,2,0,0,2,1,5,-4,0
2,18,VfB Stuttgart,2,0,0,2,0,4,-4,0
3,1,Bayern Munchen,3,3,0,0,9,2,7,9
3,2,Bor. Dortmund,3,2,1,0,7,2,5,7
3,3,VfL Wolfsburg,3,2,1,0,7,4,3,7
3,4,Bor. M'gladbach,3,2,1,0,5,2,3,7
3,5,Hertha BSC,3,2,1,0,5,2,3,7
3,6,1.FSV Mainz 05,3,2,1,0,4,2,2,7
3,7,Werder Bremen,3,1,2,0,4,3,1,5
3,8,FC Augsburg,3,1,1,1,4,4,0,4
3,9,F. Dusseldorf,3,1,1,1,4,4,0,4
3,10,RB Leipzig,3,1,1,1,5,7,-2,4
3,11,TSG Hoffenheim,3,1,0,2,5,6,-1,3
3,12,E. Frankfurt,3,1,0,2,4,5,-1,3
3,13,Hannover 96,3,0,2,1,3,4,-1,2
3,14,1.FC Nurnberg,3,0,2,1,2,3,-1,2
3,15,SC Fribourg,3,0,1,2,4,8,-4,1
3,16,VfB Stuttgart,3,0,1,2,3,7,-4,1
3,17,FC Schalke 04,3,0,0,3,2,6,-4,0
3,18,Bay. Leverkusen,3,0,0,3,2,8,-6,0
4,1,Bayern Munchen,4,4,0,0,11,2,9,12
4,2,Hertha BSC,4,3,1,0,9,4,5,10
4,3,Bor. Dortmund,4,2,2,0,8,3,5,8
4,4,Werder Bremen,4,2,2,0,7,5,2,8
4,5,VfL Wolfsburg,4,2,1,1,8,7,1,7
4,6,Bor. M'gladbach,4,2,1,1,7,6,1,7
4,7,1.FSV Mainz 05,4,2,1,1,4,3,1,7
4,8,1.FC Nurnberg,4,1,2,1,4,3,1,5
4,9,F. Dusseldorf,4,1,2,1,4,4,0,5
4,10,RB Leipzig,4,1,2,1,6,8,-2,5
4,11,TSG Hoffenheim,4,1,1,2,6,7,-1,4
4,12,FC Augsburg,4,1,1,2,6,7,-1,4
4,13,E. Frankfurt,4,1,1,2,5,6,-1,4
4,14,SC Fribourg,4,1,1,2,7,9,-2,4
4,15,Bay. Leverkusen,4,1,0,3,3,8,-5,3
4,16,Hannover 96,4,0,2,2,3,6,-3,2
4,17,VfB Stuttgart,4,0,2,2,3,7,-4,2
4,18,FC Schalke 04,4,0,0,4,2,8,-6,0
5,1,Bayern Munchen,5,4,1,0,12,3,9,13
5,2,Bor. Dortmund,5,3,2,0,15,3,12,11
5,3,Werder Bremen,5,3,2,0,10,6,4,11
5,4,Bor. M'gladbach,5,3,1,1,10,7,3,10
5,5,Hertha BSC,5,3,1,1,10,7,3,10
5,6,VfL Wolfsburg,5,2,2,1,8,7,1,8
5,7,1.FSV Mainz 05,5,2,2,1,4,3,1,8
5,8,RB Leipzig,5,2,2,1,8,8,0,8
5,9,TSG Hoffenheim,5,2,1,2,9,8,1,7
5,10,SC Fribourg,5,2,1,2,8,9,-1,7
5,11,Bay. Leverkusen,5,2,0,3,5,9,-4,6
5,12,FC Augsburg,5,1,2,2,7,8,-1,5
5,13,F. Dusseldorf,5,1,2,2,5,6,-1,5
5,14,1.FC Nurnberg,5,1,2,2,4,10,-6,5
5,15,E. Frankfurt,5,1,1,3,6,9,-3,4
5,16,Hannover 96,5,0,2,3,4,9,-5,2
5,17,VfB Stuttgart,5,0,2,3,3,9,-6,2
5,18,FC Schalke 04,5,0,0,5,2,9,-7,0
6,1,Bor. Dortmund,6,4,2,0,19,5,14,14
6,2,Bayern Munchen,6,4,1,1,12,5,7,13
6,3,Hertha BSC,6,4,1,1,12,7,5,13
6,4,Bor. M'gladbach,6,3,2,1,12,9,3,11
6,5,Werder Bremen,6,3,2,1,11,8,3,11
6,6,RB Leipzig,6,3,2,1,10,9,1,11
6,7,VfL Wolfsburg,6,2,3,1,10,9,1,9
6,8,FC Augsburg,6,2,2,2,11,9,2,8
6,9,1.FSV Mainz 05,6,2,2,2,4,4,0,8
6,10,1.FC Nurnberg,6,2,2,2,7,10,-3,8
6,11,TSG Hoffenheim,6,2,1,3,10,10,0,7
6,12,E. Frankfurt,6,2,1,3,10,10,0,7
6,13,SC Fribourg,6,2,1,3,9,13,-4,7
6,14,Bay. Leverkusen,6,2,0,4,7,13,-6,6
6,15,F. Dusseldorf,6,1,2,3,5,9,-4,5
6,16,VfB Stuttgart,6,1,2,3,5,10,-5,5
6,17,FC Schalke 04,6,1,0,5,3,9,-6,3
6,18,Hannover 96,6,0,2,4,5,13,-8,2
7,1,Bor. Dortmund,7,5,2,0,23,8,15,17
7,2,RB Leipzig,7,4,2,1,16,9,7,14
7,3,Bor. M'gladbach,7,4,2,1,15,9,6,14
7,4,Werder Bremen,7,4,2,1,13,8,5,14
7,5,Hertha BSC,7,4,2,1,12,7,5,14
7,6,Bayern Munchen,7,4,1,2,12,8,4,13
7,7,E. Frankfurt,7,3,1,3,12,11,1,10
7,8,1.FSV Mainz 05,7,2,3,2,4,4,0,9
7,9,VfL Wolfsburg,7,2,3,2,10,11,-1,9
7,10,FC Augsburg,7,2,2,3,14,13,1,8
7,11,SC Fribourg,7,2,2,3,9,13,-4,8
7,12,1.FC Nurnberg,7,2,2,3,7,16,-9,8
7,13,TSG Hoffenheim,7,2,1,4,11,12,-1,7
7,14,Bay. Leverkusen,7,2,1,4,7,13,-6,7
7,15,FC Schalke 04,7,2,0,5,5,9,-4,6
7,16,Hannover 96,7,1,2,4,8,14,-6,5
7,17,F. Dusseldorf,7,1,2,4,5,11,-6,5
7,18,VfB Stuttgart,7,1,2,4,6,13,-7,5
8,1,Bor. Dortmund,8,6,2,0,27,8,19,20
8,2,Bor. M'gladbach,8,5,2,1,19,9,10,17
8,3,Werder Bremen,8,5,2,1,15,8,7,17
8,4,Bayern Munchen,8,5,1,2,15,9,6,16
8,5,RB Leipzig,8,4,3,1,16,9,7,15
8,6,Hertha BSC,8,4,3,1,13,8,5,15
8,7,E. Frankfurt,8,4,1,3,19,12,7,13
8,8,TSG Hoffenheim,8,3,1,4,14,13,1,10
8,9,FC Augsburg,8,2,3,3,14,13,1,9
8,10,VfL Wolfsburg,8,2,3,3,11,14,-3,9
8,11,SC Fribourg,8,2,3,3,10,14,-4,9
8,12,1.FSV Mainz 05,8,2,3,3,4,8,-4,9
8,13,Bay. Leverkusen,8,2,2,4,9,15,-6,8
8,14,1.FC Nurnberg,8,2,2,4,8,19,-11,8
8,15,Hannover 96,8,1,3,4,10,16,-6,6
8,16,FC Schalke 04,8,2,0,6,5,11,-6,6
8,17,VfB Stuttgart,8,1,2,5,6,17,-11,5
8,18,F. Dusseldorf,8,1,2,5,6,18,-12,5
9,1,Bor. Dortmund,9,6,3,0,29,10,19,21
9,2,Bayern Munchen,9,6,1,2,17,10,7,19
9,3,Bor. M'gladbach,9,5,2,2,20,12,8,17
9,4,Werder Bremen,9,5,2,2,17,14,3,17
9,5,RB Leipzig,9,4,4,1,16,9,7,16
9,6,Hertha BSC,9,4,4,1,15,10,5,16
9,7,E. Frankfurt,9,4,2,3,20,13,7,14
9,8,TSG Hoffenheim,9,4,1,4,18,13,5,13
9,9,FC Augsburg,9,3,3,3,16,14,2,12
9,10,VfL Wolfsburg,9,3,3,3,14,14,0,12
9,11,SC Fribourg,9,3,3,3,13,15,-2,12
9,12,Bay. Leverkusen,9,3,2,4,15,17,-2,11
9,13,1.FSV Mainz 05,9,2,3,4,5,10,-5,9
9,14,1.FC Nurnberg,9,2,3,4,9,20,-11,9
9,15,FC Schalke 04,9,2,1,6,5,11,-6,7
9,16,Hannover 96,9,1,3,5,11,18,-7,6
9,17,VfB Stuttgart,9,1,2,6,6,21,-15,5
9,18,F. Dusseldorf,9,1,2,6,6,21,-15,5
10,1,Bor. Dortmund,10,7,3,0,30,10,20,24
10,2,Bor. M'gladbach,10,6,2,2,23,12,11,20
10,3,Bayern Munchen,10,6,2,2,18,11,7,20
10,4,RB Leipzig,10,5,4,1,19,9,10,19
10,5,E. Frankfurt,10,5,2,3,23,13,10,17
10,6,Werder Bremen,10,5,2,3,18,16,2,17
10,7,TSG Hoffenheim,10,5,1,4,22,14,8,16
10,8,Hertha BSC,10,4,4,2,15,13,2,16
10,9,FC Augsburg,10,3,4,3,18,16,2,13
10,10,SC Fribourg,10,3,4,3,14,16,-2,13
10,11,VfL Wolfsburg,10,3,3,4,14,15,-1,12
10,12,1.FSV Mainz 05,10,3,3,4,7,11,-4,12
10,13,Bay. Leverkusen,10,3,2,5,16,21,-5,11
10,14,FC Schalke 04,10,3,1,6,8,12,-4,10
10,15,1.FC Nurnberg,10,2,4,4,11,22,-11,10
10,16,Hannover 96,10,1,3,6,12,21,-9,6
10,17,VfB Stuttgart,10,1,2,7,6,24,-18,5
10,18,F. Dusseldorf,10,1,2,7,6,24,-18,5
11,1,Bor. Dortmund,11,8,3,0,33,12,21,27
11,2,Bor. M'gladbach,11,7,2,2,26,13,13,23
11,3,RB Leipzig,11,6,4,1,22,9,13,22
11,4,E. Frankfurt,11,6,2,3,26,13,13,20
11,5,Bayern Munchen,11,6,2,3,20,14,6,20
11,6,TSG Hoffenheim,11,6,1,4,24,15,9,19
11,7,Werder Bremen,11,5,2,4,19,19,0,17
11,8,Hertha BSC,11,4,4,3,16,17,-1,16
11,9,1.FSV Mainz 05,11,4,3,4,10,12,-2,15
11,10,FC Augsburg,11,3,4,4,19,18,1,13
11,11,SC Fribourg,11,3,4,4,15,19,-4,13
11,12,VfL Wolfsburg,11,3,3,5,15,17,-2,12
11,13,Bay. Leverkusen,11,3,2,6,16,24,-8,11
11,14,FC Schalke 04,11,3,1,7,8,15,-7,10
11,15,1.FC Nurnberg,11,2,4,5,11,24,-13,10
11,16,Hannover 96,11,2,3,6,14,22,-8,9
11,17,F. Dusseldorf,11,2,2,7,10,25,-15,8
11,18,VfB Stuttgart,11,2,2,7,8,24,-16,8
12,1,Bor. Dortmund,12,9,3,0,35,13,22,30
12,2,Bor. M'gladbach,12,8,2,2,30,14,16,26
12,3,E. Frankfurt,12,7,2,3,29,14,15,23
12,4,RB Leipzig,12,6,4,2,22,10,12,22
12,5,Bayern Munchen,12,6,3,3,23,17,6,21
12,6,TSG Hoffenheim,12,6,2,4,27,18,9,20
12,7,Werder Bremen,12,5,3,4,20,20,0,18
12,8,Hertha BSC,12,4,5,3,19,20,-1,17
12,9,VfL Wolfsburg,12,4,3,5,16,17,-1,15
12,10,1.FSV Mainz 05,12,4,3,5,11,14,-3,15
12,11,SC Fribourg,12,3,5,4,16,20,-4,14
12,12,Bay. Leverkusen,12,4,2,6,18,24,-6,14
12,13,FC Augsburg,12,3,4,5,20,21,-1,13
12,14,FC Schalke 04,12,4,1,7,13,17,-4,13
12,15,1.FC Nurnberg,12,2,4,6,13,29,-16,10
12,16,Hannover 96,12,2,3,7,15,26,-11,9
12,17,F. Dusseldorf,12,2,3,7,13,28,-15,9
12,18,VfB Stuttgart,12,2,2,8,8,26,-18,8
13,1,Bor. Dortmund,13,10,3,0,37,13,24,33
13,2,Bor. M'gladbach,13,8,2,3,30,16,14,26
13,3,RB Leipzig,13,7,4,2,24,10,14,25
13,4,Bayern Munchen,13,7,3,3,25,18,7,24
13,5,E. Frankfurt,13,7,2,4,30,16,14,23
13,6,TSG Hoffenheim,13,6,3,4,28,19,9,21
13,7,Hertha BSC,13,5,5,3,21,20,1,20
13,8,VfL Wolfsburg,13,5,3,5,18,18,0,18
13,9,Werder Bremen,13,5,3,5,21,22,-1,18
13,10,1.FSV Mainz 05,13,5,3,5,12,14,-2,18
13,11,Bay. Leverkusen,13,4,3,6,19,25,-6,15
13,12,FC Schalke 04,13,4,2,7,14,18,-4,14
13,13,SC Fribourg,13,3,5,5,16,22,-6,14
13,14,FC Augsburg,13,3,4,6,20,22,-2,13
13,15,1.FC Nurnberg,13,2,5,6,14,30,-16,11
13,16,VfB Stuttgart,13,3,2,8,9,26,-17,11
13,17,Hannover 96,13,2,3,8,15,28,-13,9
13,18,F. Dusseldorf,13,2,3,8,13,29,-16,9
14,1,Bor. Dortmund,14,11,3,0,39,14,25,36
14,2,Bor. M'gladbach,14,9,2,3,33,16,17,29
14,3,Bayern Munchen,14,8,3,3,28,18,10,27
14,4,RB Leipzig,14,7,4,3,24,13,11,25
14,5,E. Frankfurt,14,7,2,5,30,17,13,23
14,6,Hertha BSC,14,6,5,3,22,20,2,23
14,7,TSG Hoffenheim,14,6,4,4,30,21,9,22
14,8,Werder Bremen,14,6,3,5,24,23,1,21
14,9,VfL Wolfsburg,14,5,4,5,20,20,0,19
14,10,1.FSV Mainz 05,14,5,4,5,13,15,-2,19
14,11,Bay. Leverkusen,14,5,3,6,20,25,-5,18
14,12,SC Fribourg,14,4,5,5,19,22,-3,17
14,13,FC Schalke 04,14,4,2,8,15,20,-5,14
14,14,FC Augsburg,14,3,4,7,20,23,-3,13
14,15,1.FC Nurnberg,14,2,5,7,14,33,-19,11
14,16,VfB Stuttgart,14,3,2,9,9,29,-20,11
14,17,Hannover 96,14,2,4,8,16,29,-13,10
14,18,F. Dusseldorf,14,2,3,9,14,32,-18,9
15,1,Bor. Dortmund,15,12,3,0,41,15,26,39
15,2,Bor. M'gladbach,15,9,3,3,33,16,17,30
15,3,Bayern Munchen,15,9,3,3,32,18,14,30
15,4,RB Leipzig,15,8,4,3,28,14,14,28
15,5,E. Frankfurt,15,8,2,5,32,18,14,26
15,6,TSG Hoffenheim,15,6,5,4,30,21,9,23
15,7,Hertha BSC,15,6,5,4,23,22,1,23
15,8,VfL Wolfsburg,15,6,4,5,22,20,2,22
15,9,Werder Bremen,15,6,3,6,25,25,0,21
15,10,1.FSV Mainz 05,15,5,4,6,14,19,-5,19
15,11,Bay. Leverkusen,15,5,3,7,21,27,-6,18
15,12,SC Fribourg,15,4,5,6,19,24,-5,17
15,13,FC Schalke 04,15,4,3,8,16,21,-5,15
15,14,FC Augsburg,15,3,5,7,21,24,-3,14
15,15,VfB Stuttgart,15,4,2,9,11,30,-19,14
15,16,F. Dusseldorf,15,3,3,9,16,32,-16,12
15,17,1.FC Nurnberg,15,2,5,8,14,35,-21,11
15,18,Hannover 96,15,2,4,9,16,33,-17,10
16,1,Bor. Dortmund,16,12,3,1,42,17,25,39
16,2,Bor. M'gladbach,16,10,3,3,35,16,19,33
16,3,Bayern Munchen,16,10,3,3,33,18,15,33
16,4,RB Leipzig,16,8,4,4,28,15,13,28
16,5,E. Frankfurt,16,8,3,5,34,20,14,27
16,6,VfL Wolfsburg,16,7,4,5,24,20,4,25
16,7,TSG Hoffenheim,16,6,6,4,31,22,9,24
16,8,Hertha BSC,16,6,6,4,25,24,1,24
16,9,Werder Bremen,16,6,4,6,26,26,0,22
16,10,Bay. Leverkusen,16,6,3,7,23,28,-5,21
16,11,1.FSV Mainz 05,16,5,5,6,16,21,-5,20
16,12,SC Fribourg,16,4,6,6,20,25,-5,18
16,13,FC Augsburg,16,3,6,7,23,26,-3,15
16,14,FC Schalke 04,16,4,3,9,17,23,-6,15
16,15,F. Dusseldorf,16,4,3,9,18,33,-15,15
16,16,VfB Stuttgart,16,4,2,10,11,32,-21,14
16,17,Hannover 96,16,2,5,9,17,34,-17,11
16,18,1.FC Nurnberg,16,2,5,9,14,37,-23,11
17,1,Bor. Dortmund,17,13,3,1,44,18,26,42
17,2,Bayern Munchen,17,11,3,3,36,18,18,36
17,3,Bor. M'gladbach,17,10,3,4,36,18,18,33
17,4,RB Leipzig,17,9,4,4,31,17,14,31
17,5,VfL Wolfsburg,17,8,4,5,27,22,5,28
17,6,E. Frankfurt,17,8,3,6,34,23,11,27
17,7,TSG Hoffenheim,17,6,7,4,32,23,9,25
17,8,Hertha BSC,17,6,6,5,26,27,-1,24
17,9,Bay. Leverkusen,17,7,3,7,26,29,-3,24
17,10,Werder Bremen,17,6,4,7,28,29,-1,22
17,11,SC Fribourg,17,5,6,6,21,25,-4,21
17,12,1.FSV Mainz 05,17,5,6,6,17,22,-5,21
17,13,FC Schalke 04,17,5,3,9,20,24,-4,18
17,14,F. Dusseldorf,17,5,3,9,19,33,-14,18
17,15,FC Augsburg,17,3,6,8,25,29,-4,15
17,16,VfB Stuttgart,17,4,2,11,12,35,-23,14
17,17,Hannover 96,17,2,5,10,17,35,-18,11
17,18,1.FC Nurnberg,17,2,5,10,14,38,-24,11
18,1,Bor. Dortmund,18,14,3,1,45,18,27,45
18,2,Bayern Munchen,18,12,3,3,39,19,20,39
18,3,Bor. M'gladbach,18,11,3,4,37,18,19,36
18,4,RB Leipzig,18,9,4,5,31,18,13,31
18,5,E. Frankfurt,18,9,3,6,37,24,13,30
18,6,VfL Wolfsburg,18,8,4,6,28,24,4,28
18,7,Hertha BSC,18,7,6,5,29,28,1,27
18,8,TSG Hoffenheim,18,6,7,5,33,26,7,25
18,9,Werder Bremen,18,7,4,7,29,29,0,25
18,10,Bay. Leverkusen,18,7,3,8,26,30,-4,24
18,11,1.FSV Mainz 05,18,6,6,6,20,24,-4,24
18,12,FC Schalke 04,18,6,3,9,22,25,-3,21
18,13,SC Fribourg,18,5,6,7,22,28,-6,21
18,14,F. Dusseldorf,18,6,3,9,21,34,-13,21
18,15,FC Augsburg,18,3,6,9,26,31,-5,15
18,16,VfB Stuttgart,18,4,2,12,14,38,-24,14
18,17,Hannover 96,18,2,5,11,17,36,-19,11
18,18,1.FC Nurnberg,18,2,5,11,15,41,-26,11
19,1,Bor. Dortmund,19,15,3,1,50,19,31,48
19,2,Bayern Munchen,19,13,3,3,43,20,23,42
19,3,Bor. M'gladbach,19,12,3,4,39,18,21,39
19,4,RB Leipzig,19,10,4,5,35,18,17,34
19,5,E. Frankfurt,19,9,4,6,39,26,13,31
19,6,TSG Hoffenheim,19,7,7,5,37,28,9,28
19,7,Hertha BSC,19,7,7,5,31,30,1,28
19,8,VfL Wolfsburg,19,8,4,7,28,27,1,28
19,9,Bay. Leverkusen,19,8,3,8,29,30,-1,27
19,10,1.FSV Mainz 05,19,7,6,6,22,25,-3,27
19,11,Werder Bremen,19,7,5,7,31,31,0,26
19,12,FC Schalke 04,19,6,4,9,24,27,-3,22
19,13,SC Fribourg,19,5,6,8,24,32,-8,21
19,14,F. Dusseldorf,19,6,3,10,21,38,-17,21
19,15,FC Augsburg,19,3,6,10,26,33,-7,15
19,16,VfB Stuttgart,19,4,2,13,15,42,-27,14
19,17,Hannover 96,19,2,5,12,18,41,-23,11
19,18,1.FC Nurnberg,19,2,5,12,16,43,-27,11
20,1,Bor. Dortmund,20,15,4,1,51,20,31,49
20,2,Bor. M'gladbach,20,13,3,4,41,18,23,42
20,3,Bayern Munchen,20,13,3,4,44,23,21,42
20,4,RB Leipzig,20,11,4,5,38,18,20,37
20,5,E. Frankfurt,20,9,5,6,40,27,13,32
20,6,VfL Wolfsburg,20,9,4,7,29,27,2,31
20,7,Bay. Leverkusen,20,9,3,8,32,31,1,30
20,8,TSG Hoffenheim,20,7,8,5,38,29,9,29
20,9,Hertha BSC,20,7,7,6,31,31,0,28
20,10,Werder Bremen,20,7,6,7,32,32,0,27
20,11,1.FSV Mainz 05,20,7,6,7,22,28,-6,27
20,12,FC Schalke 04,20,6,4,10,24,29,-5,22
20,13,SC Fribourg,20,5,7,8,26,34,-8,22
20,14,F. Dusseldorf,20,6,4,10,22,39,-17,22
20,15,FC Augsburg,20,4,6,10,29,33,-4,18
20,16,VfB Stuttgart,20,4,3,13,17,44,-27,15
20,17,1.FC Nurnberg,20,2,6,12,17,44,-27,12
20,18,Hannover 96,20,2,5,13,18,44,-26,11
21,1,Bor. Dortmund,21,15,5,1,54,23,31,50
21,2,Bayern Munchen,21,14,3,4,47,24,23,45
21,3,Bor. M'gladbach,21,13,3,5,41,21,20,42
21,4,RB Leipzig,21,11,5,5,38,18,20,38
21,5,E. Frankfurt,21,9,6,6,40,27,13,33
21,6,Bay. Leverkusen,21,10,3,8,37,32,5,33
21,7,VfL Wolfsburg,21,9,5,7,32,30,2,32
21,8,Hertha BSC,21,8,7,6,34,31,3,31
21,9,TSG Hoffenheim,21,7,9,5,41,32,9,30
21,10,Werder Bremen,21,8,6,7,36,32,4,30
21,11,1.FSV Mainz 05,21,7,6,8,23,33,-10,27
21,12,F. Dusseldorf,21,7,4,10,25,39,-14,25
21,13,SC Fribourg,21,5,8,8,29,37,-8,23
21,14,FC Schalke 04,21,6,4,11,25,32,-7,22
21,15,FC Augsburg,21,4,6,11,29,37,-8,18
21,16,VfB Stuttgart,21,4,3,14,17,47,-30,15
21,17,Hannover 96,21,3,5,13,20,44,-24,14
21,18,1.FC Nurnberg,21,2,6,13,17,46,-29,12
22,1,Bor. Dortmund,22,15,6,1,54,23,31,51
22,2,Bayern Munchen,22,15,3,4,50,26,24,48
22,3,Bor. M'gladbach,22,13,4,5,42,22,20,43
22,4,RB Leipzig,22,12,5,5,41,19,22,41
22,5,Bay. Leverkusen,22,11,3,8,39,32,7,36
22,6,VfL Wolfsburg,22,10,5,7,35,30,5,35
22,7,E. Frankfurt,22,9,7,6,41,28,13,34
22,8,TSG Hoffenheim,22,8,9,5,44,32,12,33
22,9,Hertha BSC,22,8,8,6,35,32,3,32
22,10,Werder Bremen,22,8,7,7,37,33,4,31
22,11,1.FSV Mainz 05,22,7,6,9,23,36,-13,27
22,12,F. Dusseldorf,22,7,4,11,25,41,-16,25
22,13,SC Fribourg,22,5,9,8,29,37,-8,24
22,14,FC Schalke 04,22,6,5,11,25,32,-7,23
22,15,FC Augsburg,22,4,6,12,31,40,-9,18
22,16,VfB Stuttgart,22,4,3,15,18,50,-32,15
22,17,Hannover 96,22,3,5,14,20,47,-27,14
22,18,1.FC Nurnberg,22,2,7,13,17,46,-29,13
23,1,Bor. Dortmund,23,16,6,1,57,25,32,54
23,2,Bayern Munchen,23,16,3,4,51,26,25,51
23,3,Bor. M'gladbach,23,13,4,6,42,25,17,43
23,4,RB Leipzig,23,12,6,5,42,20,22,42
23,5,VfL Wolfsburg,23,11,5,7,38,30,8,38
23,6,E. Frankfurt,23,10,7,6,44,28,16,37
23,7,Bay. Leverkusen,23,11,3,9,41,35,6,36
23,8,TSG Hoffenheim,23,8,10,5,45,33,12,34
23,9,Werder Bremen,23,8,8,7,38,34,4,32
23,10,Hertha BSC,23,8,8,7,35,33,2,32
23,11,1.FSV Mainz 05,23,8,6,9,26,36,-10,30
23,12,F. Dusseldorf,23,8,4,11,27,42,-15,28
23,13,SC Fribourg,23,6,9,8,34,38,-4,27
23,14,FC Schalke 04,23,6,5,12,25,35,-10,23
23,15,FC Augsburg,23,4,6,13,32,45,-13,18
23,16,VfB Stuttgart,23,4,4,15,19,51,-32,16
23,17,Hannover 96,23,3,5,15,20,50,-30,14
23,18,1.FC Nurnberg,23,2,7,14,18,48,-30,13
24,1,Bor. Dortmund,24,16,6,2,58,27,31,54
24,2,Bayern Munchen,24,17,3,4,56,27,29,54
24,3,RB Leipzig,24,13,6,5,43,20,23,45
24,4,Bor. M'gladbach,24,13,4,7,43,30,13,43
24,5,E. Frankfurt,24,11,7,6,47,30,17,40
24,6,Bay. Leverkusen,24,12,3,9,43,35,8,39
24,7,VfL Wolfsburg,24,11,6,7,39,31,8,39
24,8,Hertha BSC,24,9,8,7,37,34,3,35
24,9,TSG Hoffenheim,24,8,10,6,47,36,11,34
24,10,Werder Bremen,24,8,9,7,39,35,4,33
24,11,F. Dusseldorf,24,9,4,11,31,42,-11,31
24,12,1.FSV Mainz 05,24,8,6,10,27,38,-11,30
24,13,SC Fribourg,24,6,9,9,34,40,-6,27
24,14,FC Schalke 04,24,6,5,13,25,39,-14,23
24,15,FC Augsburg,24,5,6,13,34,46,-12,21
24,16,VfB Stuttgart,24,5,4,15,24,52,-28,19
24,17,Hannover 96,24,3,5,16,21,55,-34,14
24,18,1.FC Nurnberg,24,2,7,15,18,49,-31,13
25,1,Bayern Munchen,25,18,3,4,62,27,35,57
25,2,Bor. Dortmund,25,17,6,2,61,28,33,57
25,3,RB Leipzig,25,13,7,5,43,20,23,46
25,4,Bor. M'gladbach,25,14,4,7,44,30,14,46
25,5,E. Frankfurt,25,12,7,6,50,30,20,43
25,6,Bay. Leverkusen,25,13,3,9,46,37,9,42
25,7,VfL Wolfsburg,25,11,6,8,39,37,2,39
25,8,TSG Hoffenheim,25,9,10,6,49,37,12,37
25,9,Werder Bremen,25,9,9,7,43,37,6,36
25,10,Hertha BSC,25,9,8,8,38,36,2,35
25,11,F. Dusseldorf,25,9,4,12,31,45,-14,31
25,12,SC Fribourg,25,7,9,9,36,41,-5,30
25,13,1.FSV Mainz 05,25,8,6,11,27,39,-12,30
25,14,FC Schalke 04,25,6,5,14,27,43,-16,23
25,15,FC Augsburg,25,5,7,13,34,46,-12,22
25,16,VfB Stuttgart,25,5,4,16,25,55,-30,19
25,17,Hannover 96,25,3,5,17,23,58,-35,14
25,18,1.FC Nurnberg,25,2,7,16,19,51,-32,13
26,1,Bayern Munchen,26,19,3,4,68,27,41,60
26,2,Bor. Dortmund,26,18,6,2,64,30,34,60
26,3,RB Leipzig,26,14,7,5,44,20,24,49
26,4,Bor. M'gladbach,26,14,5,7,45,31,14,47
26,5,E. Frankfurt,26,13,7,6,51,30,21,46
26,6,Bay. Leverkusen,26,13,3,10,47,40,7,42
26,7,VfL Wolfsburg,26,12,6,8,44,39,5,42
26,8,Werder Bremen,26,10,9,7,46,38,8,39
26,9,TSG Hoffenheim,26,9,11,6,50,38,12,38
26,10,Hertha BSC,26,9,8,9,40,39,1,35
26,11,SC Fribourg,26,7,10,9,37,42,-5,31
26,12,F. Dusseldorf,26,9,4,13,33,50,-17,31
26,13,1.FSV Mainz 05,26,8,6,12,27,45,-18,30
26,14,FC Augsburg,26,6,7,13,37,47,-10,25
26,15,FC Schalke 04,26,6,5,15,27,44,-17,23
26,16,VfB Stuttgart,26,5,5,16,26,56,-30,20
26,17,Hannover 96,26,3,5,18,24,61,-37,14
26,18,1.FC Nurnberg,26,2,7,17,19,52,-33,13
27,1,Bor. Dortmund,27,19,6,2,66,30,36,63
27,2,Bayern Munchen,27,19,4,4,69,28,41,61
27,3,RB Leipzig,27,15,7,5,49,20,29,52
27,4,E. Frankfurt,27,14,7,6,54,30,24,49
27,5,Bor. M'gladbach,27,14,5,8,46,34,12,47
27,6,Werder Bremen,27,11,9,7,49,39,10,42
27,7,Bay. Leverkusen,27,13,3,11,48,44,4,42
27,8,VfL Wolfsburg,27,12,6,9,44,41,3,42
27,9,TSG Hoffenheim,27,10,11,6,54,39,15,41
27,10,Hertha BSC,27,9,8,10,40,44,-4,35
27,11,F. Dusseldorf,27,10,4,13,36,51,-15,34
27,12,SC Fribourg,27,7,11,9,38,43,-5,32
27,13,1.FSV Mainz 05,27,8,6,13,28,48,-20,30
27,14,FC Schalke 04,27,7,5,15,28,44,-16,26
27,15,FC Augsburg,27,6,7,14,37,50,-13,25
27,16,VfB Stuttgart,27,5,5,17,26,59,-33,20
27,17,1.FC Nurnberg,27,3,7,17,22,52,-30,16
27,18,Hannover 96,27,3,5,19,24,62,-38,14
28,1,Bayern Munchen,28,20,4,4,74,28,46,64
28,2,Bor. Dortmund,28,19,6,3,66,35,31,63
28,3,RB Leipzig,28,16,7,5,53,22,31,55
28,4,E. Frankfurt,28,15,7,6,56,31,25,52
28,5,Bor. M'gladbach,28,14,6,8,47,35,12,48
28,6,VfL Wolfsburg,28,13,6,9,47,42,5,45
28,7,TSG Hoffenheim,28,11,11,6,58,39,19,44
28,8,Werder Bremen,28,11,10,7,50,40,10,43
28,9,Bay. Leverkusen,28,13,3,12,50,48,2,42
28,10,F. Dusseldorf,28,11,4,13,38,52,-14,37
28,11,Hertha BSC,28,9,8,11,41,46,-5,35
28,12,1.FSV Mainz 05,28,9,6,13,33,48,-15,33
28,13,SC Fribourg,28,7,11,10,38,48,-10,32
28,14,FC Schalke 04,28,7,5,16,29,46,-17,26
28,15,FC Augsburg,28,6,7,15,37,54,-17,25
28,16,VfB Stuttgart,28,5,6,17,27,60,-33,21
28,17,1.FC Nurnberg,28,3,8,17,23,53,-30,17
28,18,Hannover 96,28,3,5,20,25,65,-40,14
29,1,Bayern Munchen,29,21,4,4,78,29,49,67
29,2,Bor. Dortmund,29,20,6,3,68,36,32,66
29,3,RB Leipzig,29,17,7,5,55,22,33,58
29,4,E. Frankfurt,29,15,7,7,57,34,23,52
29,5,Bor. M'gladbach,29,15,6,8,48,35,13,51
29,6,TSG Hoffenheim,29,12,11,6,60,39,21,47
29,7,Werder Bremen,29,12,10,7,52,41,11,46
29,8,Bay. Leverkusen,29,14,3,12,51,48,3,45
29,9,VfL Wolfsburg,29,13,6,10,47,44,3,45
29,10,F. Dusseldorf,29,11,4,14,39,56,-17,37
29,11,Hertha BSC,29,9,8,12,41,48,-7,35
29,12,1.FSV Mainz 05,29,9,6,14,34,50,-16,33
29,13,SC Fribourg,29,7,11,11,39,50,-11,32
29,14,FC Augsburg,29,7,7,15,40,55,-15,28
29,15,FC Schalke 04,29,7,6,16,30,47,-17,27
29,16,VfB Stuttgart,29,5,6,18,27,61,-34,21
29,17,1.FC Nurnberg,29,3,9,17,24,54,-30,18
29,18,Hannover 96,29,3,5,21,25,66,-41,14
30,1,Bayern Munchen,30,22,4,4,79,29,50,70
30,2,Bor. Dortmund,30,21,6,3,72,36,36,69
30,3,RB Leipzig,30,18,7,5,57,23,34,61
30,4,E. Frankfurt,30,15,8,7,58,35,23,53
30,5,Bor. M'gladbach,30,15,6,9,49,37,12,51
30,6,TSG Hoffenheim,30,13,11,6,65,41,24,50
30,7,Bay. Leverkusen,30,15,3,12,53,48,5,48
30,8,Werder Bremen,30,12,10,8,52,42,10,46
30,9,VfL Wolfsburg,30,13,7,10,48,45,3,46
30,10,F. Dusseldorf,30,11,4,15,40,59,-19,37
30,11,Hertha BSC,30,9,9,12,41,48,-7,36
30,12,1.FSV Mainz 05,30,10,6,14,37,51,-14,36
30,13,SC Fribourg,30,7,11,12,39,54,-15,32
30,14,FC Augsburg,30,8,7,15,46,55,-9,31
30,15,FC Schalke 04,30,7,6,17,32,52,-20,27
30,16,VfB Stuttgart,30,5,6,19,27,67,-40,21
30,17,1.FC Nurnberg,30,3,9,18,24,56,-32,18
30,18,Hannover 96,30,3,6,21,25,66,-41,15
31,1,Bayern Munchen,31,22,5,4,80,30,50,71
31,2,Bor. Dortmund,31,21,6,4,74,40,34,69
31,3,RB Leipzig,31,19,7,5,59,24,35,64
31,4,E. Frankfurt,31,15,9,7,58,35,23,54
31,5,Bor. M'gladbach,31,15,6,10,49,38,11,51
31,6,Bay. Leverkusen,31,16,3,12,57,49,8,51
31,7,TSG Hoffenheim,31,13,11,7,66,45,21,50
31,8,VfL Wolfsburg,31,14,7,10,52,46,6,49
31,9,Werder Bremen,31,12,10,9,53,46,7,46
31,10,F. Dusseldorf,31,12,4,15,44,60,-16,40
31,11,Hertha BSC,31,9,10,12,41,48,-7,37
31,12,1.FSV Mainz 05,31,10,6,15,37,52,-15,36
31,13,SC Fribourg,31,7,11,13,40,56,-16,32
31,14,FC Augsburg,31,8,7,16,47,59,-12,31
31,15,FC Schalke 04,31,8,6,17,36,54,-18,30
31,16,VfB Stuttgart,31,6,6,19,28,67,-39,24
31,17,1.FC Nurnberg,31,3,10,18,25,57,-32,19
31,18,Hannover 96,31,4,6,21,26,66,-40,18
32,1,Bayern Munchen,32,23,5,4,83,31,52,74
32,2,Bor. Dortmund,32,21,7,4,76,42,34,70
32,3,RB Leipzig,32,19,8,5,62,27,35,65
32,4,E. Frankfurt,32,15,9,8,59,41,18,54
32,5,Bay. Leverkusen,32,17,3,12,63,50,13,54
32,6,Bor. M'gladbach,32,15,7,10,51,40,11,52
32,7,VfL Wolfsburg,32,15,7,10,54,46,8,52
32,8,TSG Hoffenheim,32,13,12,7,68,47,21,51
32,9,Werder Bremen,32,12,11,9,55,48,7,47
32,10,F. Dusseldorf,32,12,5,15,45,61,-16,41
32,11,Hertha BSC,32,10,10,12,44,49,-5,40
32,12,1.FSV Mainz 05,32,10,7,15,40,55,-15,37
32,13,SC Fribourg,32,7,12,13,41,57,-16,33
32,14,FC Augsburg,32,8,8,16,47,59,-12,32
32,15,FC Schalke 04,32,8,7,17,36,54,-18,31
32,16,VfB Stuttgart,32,6,6,20,29,70,-41,24
32,17,1.FC Nurnberg,32,3,10,19,25,59,-34,19
32,18,Hannover 96,32,4,6,22,27,69,-42,18
33,1,Bayern Munchen,33,23,6,4,83,31,52,75
33,2,Bor. Dortmund,33,22,7,4,79,44,35,73
33,3,RB Leipzig,33,19,9,5,62,27,35,66
33,4,Bor. M'gladbach,33,16,7,10,55,40,15,55
33,5,Bay. Leverkusen,33,17,4,12,64,51,13,55
33,6,E. Frankfurt,33,15,9,9,59,43,16,54
33,7,VfL Wolfsburg,33,15,7,11,54,49,5,52
33,8,TSG Hoffenheim,33,13,12,8,68,48,20,51
33,9,Werder Bremen,33,13,11,9,56,48,8,50
33,10,Hertha BSC,33,11,10,12,48,52,-4,43
33,11,F. Dusseldorf,33,12,5,16,47,64,-17,41
33,12,1.FSV Mainz 05,33,11,7,15,42,55,-13,40
33,13,SC Fribourg,33,7,12,14,41,60,-19,33
33,14,FC Augsburg,33,8,8,17,50,63,-13,32
33,15,FC Schalke 04,33,8,8,17,37,55,-18,32
33,16,VfB Stuttgart,33,7,6,20,32,70,-38,27
33,17,Hannover 96,33,5,6,22,30,69,-39,21
33,18,1.FC Nurnberg,33,3,10,20,25,63,-38,19
34,1,Bayern Munchen,34,24,6,4,88,32,56,78
34,2,Bor. Dortmund,34,23,7,4,81,44,37,76
34,3,RB Leipzig,34,19,9,6,63,29,34,66
34,4,Bay. Leverkusen,34,18,4,12,69,52,17,58
34,5,Bor. M'gladbach,34,16,7,11,55,42,13,55
34,6,VfL Wolfsburg,34,16,7,11,62,50,12,55
34,7,E. Frankfurt,34,15,9,10,60,48,12,54
34,8,Werder Bremen,34,14,11,9,58,49,9,53
34,9,TSG Hoffenheim,34,13,12,9,70,52,18,51
34,10,F. Dusseldorf,34,13,5,16,49,65,-16,44
34,11,Hertha BSC,34,11,10,13,49,57,-8,43
34,12,1.FSV Mainz 05,34,12,7,15,46,57,-11,43
34,13,SC Fribourg,34,8,12,14,46,61,-15,36
34,14,FC Schalke 04,34,8,9,17,37,55,-18,33
34,15,FC Augsburg,34,8,8,18,51,71,-20,32
34,16,VfB Stuttgart,34,7,7,20,32,70,-38,28
34,17,Hannover 96,34,5,6,23,31,71,-40,21
34,18,1.FC Nurnberg,34,3,10,21,26,68,-42,19
