1,1,AZ Alkmaar,1,1,0,0,5,0,5,3
1,2,Vitesse,1,1,0,0,5,1,4,3
1,3,PSV Eindhoven,1,1,0,0,4,0,4,3
1,4,De Graafschap,1,1,0,0,2,0,2,3
1,5,Heerenveen,1,1,0,0,3,2,1,3
1,6,FC Emmen,1,1,0,0,2,1,1,3
1,7,VVV-Venlo,1,1,0,0,1,0,1,3
1,8,Ajax,1,0,1,0,1,1,0,1
1,9,Excelsior,1,0,1,0,1,1,0,1
1,10,Fortuna Sittard,1,0,1,0,1,1,0,1
1,11,Heracles Almelo,1,0,1,0,1,1,0,1
1,12,PEC Zwolle,1,0,0,1,2,3,-1,0
1,13,ADO Den Haag,1,0,0,1,1,2,-1,0
1,14,Willem II,1,0,0,1,0,1,-1,0
1,15,Feyenoord,1,0,0,1,0,2,-2,0
1,16,FC Groningen,1,0,0,1,1,5,-4,0
1,17,FC Utrecht,1,0,0,1,0,4,-4,0
1,18,NAC Breda,1,0,0,1,0,5,-5,0
2,1,AZ Alkmaar,2,2,0,0,9,1,8,6
2,2,PSV Eindhoven,2,2,0,0,6,1,5,6
2,3,Vitesse,2,1,1,0,6,2,4,4
2,4,Heracles Almelo,2,1,1,0,5,3,2,4
2,5,Heerenveen,2,1,1,0,4,3,1,4
2,6,Ajax,2,1,1,0,2,1,1,4
2,7,Feyenoord,2,1,0,1,3,2,1,3
2,8,VVV-Venlo,2,1,0,1,1,1,0,3
2,9,Willem II,2,1,0,1,1,1,0,3
2,10,De Graafschap,2,1,0,1,2,3,-1,3
2,11,FC Emmen,2,1,0,1,3,5,-2,3
2,12,NAC Breda,2,1,0,1,3,5,-2,3
2,13,FC Utrecht,2,1,0,1,2,4,-2,3
2,14,Fortuna Sittard,2,0,1,1,2,3,-1,1
2,15,Excelsior,2,0,1,1,1,4,-3,1
2,16,ADO Den Haag,2,0,0,2,3,6,-3,0
2,17,PEC Zwolle,2,0,0,2,2,5,-3,0
2,18,FC Groningen,2,0,0,2,1,6,-5,0
3,1,PSV Eindhoven,3,3,0,0,8,2,6,9
3,2,AZ Alkmaar,3,2,1,0,9,1,8,7
3,3,Ajax,3,2,1,0,7,1,6,7
3,4,Willem II,3,2,0,1,6,1,5,6
3,5,Feyenoord,3,2,0,1,8,5,3,6
3,6,Vitesse,3,1,2,0,6,2,4,5
3,7,VVV-Venlo,3,1,1,1,2,2,0,4
3,8,Heerenveen,3,1,1,1,7,8,-1,4
3,9,Excelsior,3,1,1,1,3,4,-1,4
3,10,FC Utrecht,3,1,1,1,3,5,-2,4
3,11,Heracles Almelo,3,1,1,1,5,8,-3,4
3,12,ADO Den Haag,3,1,0,2,6,7,-1,3
3,13,De Graafschap,3,1,0,2,2,4,-2,3
3,14,NAC Breda,3,1,0,2,3,7,-4,3
3,15,FC Groningen,3,1,0,2,2,6,-4,3
3,16,FC Emmen,3,1,0,2,3,10,-7,3
3,17,Fortuna Sittard,3,0,1,2,3,6,-3,1
3,18,PEC Zwolle,3,0,0,3,3,7,-4,0
4,1,PSV Eindhoven,4,4,0,0,14,3,11,12
4,2,Ajax,4,3,1,0,11,1,10,10
4,3,Feyenoord,4,3,0,1,12,7,5,9
4,4,AZ Alkmaar,4,2,1,1,11,4,7,7
4,5,Heracles Almelo,4,2,1,1,8,10,-2,7
4,6,ADO Den Haag,4,2,0,2,10,9,1,6
4,7,Willem II,4,2,0,2,7,7,0,6
4,8,Vitesse,4,1,2,1,6,6,0,5
4,9,VVV-Venlo,4,1,2,1,3,3,0,5
4,10,Heerenveen,4,1,2,1,8,9,-1,5
4,11,FC Utrecht,4,1,2,1,4,6,-2,5
4,12,De Graafschap,4,1,1,2,3,5,-2,4
4,13,Excelsior,4,1,1,2,5,8,-3,4
4,14,FC Emmen,4,1,1,2,4,11,-7,4
4,15,PEC Zwolle,4,1,0,3,4,7,-3,3
4,16,FC Groningen,4,1,0,3,2,7,-5,3
4,17,NAC Breda,4,1,0,3,5,11,-6,3
4,18,Fortuna Sittard,4,0,2,2,4,7,-3,2
5,1,PSV Eindhoven,5,5,0,0,21,3,18,15
5,2,Ajax,5,4,1,0,14,1,13,13
5,3,Feyenoord,5,3,1,1,13,8,5,10
5,4,Heracles Almelo,5,3,1,1,13,13,0,10
5,5,AZ Alkmaar,5,2,2,1,12,5,7,8
5,6,Vitesse,5,2,2,1,8,6,2,8
5,7,VVV-Venlo,5,2,2,1,5,4,1,8
5,8,Willem II,5,2,1,2,9,9,0,7
5,9,FC Emmen,5,2,1,2,6,12,-6,7
5,10,ADO Den Haag,5,2,0,3,10,16,-6,6
5,11,Fortuna Sittard,5,1,2,2,7,9,-2,5
5,12,Heerenveen,5,1,2,2,11,14,-3,5
5,13,Excelsior,5,1,2,2,7,10,-3,5
5,14,FC Utrecht,5,1,2,2,5,8,-3,5
5,15,De Graafschap,5,1,1,3,4,7,-3,4
5,16,PEC Zwolle,5,1,0,4,4,9,-5,3
5,17,NAC Breda,5,1,0,4,7,14,-7,3
5,18,FC Groningen,5,1,0,4,2,10,-8,3
6,1,PSV Eindhoven,6,6,0,0,24,3,21,18
6,2,Ajax,6,4,1,1,14,4,10,13
6,3,Feyenoord,6,4,1,1,14,8,6,13
6,4,Heracles Almelo,6,4,1,1,17,13,4,13
6,5,AZ Alkmaar,6,3,2,1,15,6,9,11
6,6,VVV-Venlo,6,3,2,1,8,4,4,11
6,7,Vitesse,6,2,3,1,9,7,2,9
6,8,Willem II,6,2,2,2,13,13,0,8
6,9,ADO Den Haag,6,2,1,3,11,17,-6,7
6,10,FC Emmen,6,2,1,3,6,13,-7,7
6,11,Fortuna Sittard,6,1,3,2,11,13,-2,6
6,12,Heerenveen,6,1,3,2,14,17,-3,6
6,13,Excelsior,6,1,3,2,10,13,-3,6
6,14,PEC Zwolle,6,2,0,4,5,9,-4,6
6,15,FC Utrecht,6,1,2,3,5,9,-4,5
6,16,De Graafschap,6,1,1,4,4,11,-7,4
6,17,NAC Breda,6,1,0,5,7,17,-10,3
6,18,FC Groningen,6,1,0,5,3,13,-10,3
7,1,PSV Eindhoven,7,7,0,0,26,3,23,21
7,2,Ajax,7,5,1,1,16,4,12,16
7,3,Feyenoord,7,5,1,1,16,9,7,16
7,4,Heracles Almelo,7,5,1,1,19,14,5,16
7,5,AZ Alkmaar,7,3,3,1,17,8,9,12
7,6,VVV-Venlo,7,3,2,2,8,5,3,11
7,7,Vitesse,7,2,3,2,10,9,1,9
7,8,Excelsior,7,2,3,2,11,13,-2,9
7,9,Willem II,7,2,2,3,14,15,-1,8
7,10,ADO Den Haag,7,2,2,3,12,18,-6,8
7,11,Heerenveen,7,1,4,2,15,18,-3,7
7,12,PEC Zwolle,7,2,1,4,7,11,-4,7
7,13,De Graafschap,7,2,1,4,6,12,-6,7
7,14,FC Emmen,7,2,1,4,7,15,-8,7
7,15,Fortuna Sittard,7,1,3,3,11,15,-4,6
7,16,FC Utrecht,7,1,3,3,6,10,-4,6
7,17,FC Groningen,7,1,1,5,4,14,-10,4
7,18,NAC Breda,7,1,0,6,7,19,-12,3
8,1,PSV Eindhoven,8,8,0,0,30,3,27,24
8,2,Ajax,8,6,1,1,21,4,17,19
8,3,Feyenoord,8,5,2,1,17,10,7,17
8,4,Heracles Almelo,8,5,1,2,19,18,1,16
8,5,Vitesse,8,3,3,2,14,9,5,12
8,6,AZ Alkmaar,8,3,3,2,17,13,4,12
8,7,VVV-Venlo,8,3,2,3,8,9,-1,11
8,8,ADO Den Haag,8,3,2,3,13,18,-5,11
8,9,Heerenveen,8,2,4,2,20,18,2,10
8,10,PEC Zwolle,8,3,1,4,9,11,-2,10
8,11,Willem II,8,2,3,3,15,16,-1,9
8,12,FC Utrecht,8,2,3,3,8,11,-3,9
8,13,Excelsior,8,2,3,3,11,15,-4,9
8,14,FC Emmen,8,2,2,4,10,18,-8,8
8,15,Fortuna Sittard,8,1,4,3,14,18,-4,7
8,16,De Graafschap,8,2,1,5,6,17,-11,7
8,17,FC Groningen,8,1,1,6,4,15,-11,4
8,18,NAC Breda,8,1,0,7,8,21,-13,3
9,1,PSV Eindhoven,9,9,0,0,36,3,33,27
9,2,Ajax,9,7,1,1,25,4,21,22
9,3,Feyenoord,9,6,2,1,20,10,10,20
9,4,Heracles Almelo,9,6,1,2,23,19,4,19
9,5,VVV-Venlo,9,4,2,3,10,9,1,14
9,6,AZ Alkmaar,9,3,3,3,18,15,3,12
9,7,Vitesse,9,3,3,3,14,11,3,12
9,8,Excelsior,9,3,3,3,13,15,-2,12
9,9,FC Utrecht,9,3,3,3,10,12,-2,12
9,10,ADO Den Haag,9,3,2,4,13,20,-7,11
9,11,Willem II,9,2,4,3,17,18,-1,10
9,12,Heerenveen,9,2,4,3,20,22,-2,10
9,13,Fortuna Sittard,9,2,4,3,17,19,-2,10
9,14,PEC Zwolle,9,3,1,5,9,14,-5,10
9,15,FC Emmen,9,2,2,5,10,24,-14,8
9,16,De Graafschap,9,2,1,6,7,20,-13,7
9,17,NAC Breda,9,1,1,7,10,23,-13,4
9,18,FC Groningen,9,1,1,7,5,19,-14,4
10,1,PSV Eindhoven,10,10,0,0,38,4,34,30
10,2,Ajax,10,8,1,1,28,4,24,25
10,3,Feyenoord,10,6,2,2,20,13,7,20
10,4,Heracles Almelo,10,6,2,2,24,20,4,20
10,5,Vitesse,10,4,3,3,16,12,4,15
10,6,VVV-Venlo,10,4,3,3,11,10,1,15
10,7,FC Utrecht,10,4,3,3,11,12,-1,15
10,8,Heerenveen,10,3,4,3,23,24,-1,13
10,9,AZ Alkmaar,10,3,3,4,20,18,2,12
10,10,Excelsior,10,3,3,4,14,19,-5,12
10,11,ADO Den Haag,10,3,3,4,14,21,-7,12
10,12,PEC Zwolle,10,3,2,5,10,15,-5,11
10,13,Willem II,10,2,4,4,17,19,-2,10
10,14,Fortuna Sittard,10,2,4,4,18,21,-3,10
10,15,De Graafschap,10,3,1,6,11,21,-10,10
10,16,FC Emmen,10,2,3,5,11,25,-14,9
10,17,NAC Breda,10,1,2,7,11,24,-13,5
10,18,FC Groningen,10,1,1,8,6,21,-15,4
11,1,PSV Eindhoven,11,11,0,0,39,4,35,33
11,2,Ajax,11,9,1,1,30,4,26,28
11,3,Feyenoord,11,7,2,2,24,14,10,23
11,4,Heracles Almelo,11,6,2,3,25,22,3,20
11,5,FC Utrecht,11,5,3,3,14,12,2,18
11,6,AZ Alkmaar,11,4,3,4,21,18,3,15
11,7,Vitesse,11,4,3,4,16,13,3,15
11,8,VVV-Venlo,11,4,3,4,12,14,-2,15
11,9,Heerenveen,11,3,5,3,24,25,-1,14
11,10,Fortuna Sittard,11,3,4,4,21,21,0,13
11,11,Excelsior,11,3,3,5,16,23,-7,12
11,12,ADO Den Haag,11,3,3,5,14,24,-10,12
11,13,PEC Zwolle,11,3,2,6,10,18,-8,11
11,14,Willem II,11,2,4,5,17,21,-4,10
11,15,De Graafschap,11,3,1,7,11,22,-11,10
11,16,FC Emmen,11,2,4,5,12,26,-14,10
11,17,NAC Breda,11,2,2,7,13,25,-12,8
11,18,FC Groningen,11,2,1,8,10,23,-13,7
12,1,PSV Eindhoven,12,12,0,0,43,5,38,36
12,2,Ajax,12,10,1,1,37,5,32,31
12,3,Feyenoord,12,8,2,2,26,14,12,26
12,4,Heracles Almelo,12,6,2,4,25,24,1,20
12,5,AZ Alkmaar,12,5,3,4,22,18,4,18
12,6,Vitesse,12,5,3,4,18,14,4,18
12,7,FC Utrecht,12,5,3,4,15,14,1,18
12,8,VVV-Venlo,12,5,3,4,15,16,-1,18
12,9,Heerenveen,12,3,5,4,24,27,-3,14
12,10,Fortuna Sittard,12,3,4,5,23,24,-1,13
12,11,Willem II,12,3,4,5,20,23,-3,13
12,12,FC Emmen,12,3,4,5,14,26,-12,13
12,13,ADO Den Haag,12,3,3,6,14,25,-11,12
12,14,Excelsior,12,3,3,6,17,30,-13,12
12,15,PEC Zwolle,12,3,2,7,12,21,-9,11
12,16,FC Groningen,12,3,1,8,12,23,-11,10
12,17,De Graafschap,12,3,1,8,12,26,-14,10
12,18,NAC Breda,12,2,2,8,13,27,-14,8
13,1,PSV Eindhoven,13,13,0,0,46,5,41,39
13,2,Ajax,13,11,1,1,40,5,35,34
13,3,Feyenoord,13,9,2,2,27,14,13,29
13,4,Vitesse,13,6,3,4,21,15,6,21
13,5,FC Utrecht,13,6,3,4,20,14,6,21
13,6,Heracles Almelo,13,6,2,5,25,27,-2,20
13,7,AZ Alkmaar,13,5,4,4,24,20,4,19
13,8,VVV-Venlo,13,5,4,4,17,18,-1,19
13,9,Fortuna Sittard,13,4,4,5,26,24,2,16
13,10,ADO Den Haag,13,4,3,6,17,27,-10,15
13,11,Excelsior,13,4,3,6,19,31,-12,15
13,12,Heerenveen,13,3,5,5,24,30,-6,14
13,13,Willem II,13,3,4,6,21,26,-5,13
13,14,FC Emmen,13,3,4,6,15,28,-13,13
13,15,PEC Zwolle,13,3,2,8,14,24,-10,11
13,16,FC Groningen,13,3,1,9,12,24,-12,10
13,17,De Graafschap,13,3,1,9,12,31,-19,10
13,18,NAC Breda,13,2,2,9,13,30,-17,8
14,1,PSV Eindhoven,14,13,0,1,47,7,40,39
14,2,Ajax,14,12,1,1,45,6,39,37
14,3,Feyenoord,14,10,2,2,29,15,14,32
14,4,Heracles Almelo,14,7,2,5,29,28,1,23
14,5,FC Utrecht,14,6,4,4,23,17,6,22
14,6,Vitesse,14,6,4,4,22,16,6,22
14,7,AZ Alkmaar,14,5,4,5,24,22,2,19
14,8,VVV-Venlo,14,5,4,5,18,22,-4,19
14,9,Heerenveen,14,4,5,5,27,31,-4,17
14,10,Fortuna Sittard,14,4,4,6,27,27,0,16
14,11,Willem II,14,4,4,6,23,26,-3,16
14,12,Excelsior,14,4,4,6,22,34,-12,16
14,13,ADO Den Haag,14,4,3,7,18,32,-14,15
14,14,PEC Zwolle,14,4,2,8,16,24,-8,14
14,15,FC Emmen,14,3,5,6,16,29,-13,14
14,16,FC Groningen,14,4,1,9,17,26,-9,13
14,17,De Graafschap,14,3,1,10,12,33,-21,10
14,18,NAC Breda,14,2,2,10,15,35,-20,8
15,1,PSV Eindhoven,15,14,0,1,53,7,46,42
15,2,Ajax,15,13,1,1,49,7,42,40
15,3,Feyenoord,15,11,2,2,33,16,17,35
15,4,FC Utrecht,15,7,4,4,26,18,8,25
15,5,Heracles Almelo,15,7,2,6,30,31,-1,23
15,6,AZ Alkmaar,15,6,4,5,27,22,5,22
15,7,Vitesse,15,6,4,5,23,18,5,22
15,8,Heerenveen,15,5,5,5,32,32,0,20
15,9,VVV-Venlo,15,5,5,5,18,22,-4,20
15,10,Fortuna Sittard,15,4,4,7,27,30,-3,16
15,11,Willem II,15,4,4,7,24,31,-7,16
15,12,ADO Den Haag,15,4,4,7,18,32,-14,16
15,13,Excelsior,15,4,4,7,22,40,-18,16
15,14,FC Groningen,15,4,2,9,17,26,-9,14
15,15,PEC Zwolle,15,4,2,9,17,28,-11,14
15,16,FC Emmen,15,3,5,7,17,33,-16,14
15,17,NAC Breda,15,3,2,10,17,36,-19,11
15,18,De Graafschap,15,3,2,10,12,33,-21,11
16,1,PSV Eindhoven,16,15,0,1,57,7,50,45
16,2,Ajax,16,14,1,1,57,7,50,43
16,3,Feyenoord,16,11,2,3,33,18,15,35
16,4,FC Utrecht,16,8,4,4,29,20,9,28
16,5,AZ Alkmaar,16,7,4,5,29,23,6,25
16,6,Vitesse,16,7,4,5,25,19,6,25
16,7,Heracles Almelo,16,7,2,7,30,35,-5,23
16,8,Heerenveen,16,5,5,6,34,35,-1,20
16,9,VVV-Venlo,16,5,5,6,19,24,-5,20
16,10,Fortuna Sittard,16,5,4,7,29,30,-1,19
16,11,ADO Den Haag,16,5,4,7,21,32,-11,19
16,12,FC Emmen,16,4,5,7,19,34,-15,17
16,13,Willem II,16,4,4,8,24,34,-10,16
16,14,Excelsior,16,4,4,8,23,42,-19,16
16,15,PEC Zwolle,16,4,3,9,17,28,-11,15
16,16,FC Groningen,16,4,2,10,18,28,-10,14
16,17,NAC Breda,16,3,3,10,17,36,-19,12
16,18,De Graafschap,16,3,2,11,12,41,-29,11
17,1,PSV Eindhoven,17,16,0,1,60,8,52,48
17,2,Ajax,17,15,1,1,60,8,52,46
17,3,Feyenoord,17,11,3,3,35,20,15,36
17,4,FC Utrecht,17,8,4,5,30,23,7,28
17,5,Vitesse,17,7,5,5,27,21,6,26
17,6,Heracles Almelo,17,8,2,7,33,35,-2,26
17,7,AZ Alkmaar,17,7,4,6,30,26,4,25
17,8,VVV-Venlo,17,6,5,6,21,24,-3,23
17,9,Fortuna Sittard,17,5,5,7,29,30,-1,20
17,10,Heerenveen,17,5,5,7,36,39,-3,20
17,11,ADO Den Haag,17,5,5,7,23,34,-11,20
17,12,Willem II,17,5,4,8,26,34,-8,19
17,13,FC Emmen,17,4,5,8,19,36,-17,17
17,14,Excelsior,17,4,4,9,23,45,-22,16
17,15,FC Groningen,17,4,3,10,18,28,-10,15
17,16,PEC Zwolle,17,4,3,10,17,30,-13,15
17,17,NAC Breda,17,4,3,10,21,38,-17,15
17,18,De Graafschap,17,3,3,11,14,43,-29,12
18,1,PSV Eindhoven,18,16,1,1,62,10,52,49
18,2,Ajax,18,15,2,1,64,12,52,47
18,3,Feyenoord,18,11,3,4,36,23,13,36
18,4,Vitesse,18,8,5,5,30,23,7,29
18,5,AZ Alkmaar,18,8,4,6,33,26,7,28
18,6,FC Utrecht,18,8,4,6,30,26,4,28
18,7,VVV-Venlo,18,7,5,6,25,26,-1,26
18,8,Heracles Almelo,18,8,2,8,33,38,-5,26
18,9,Willem II,18,6,4,8,28,34,-6,22
18,10,Heerenveen,18,5,6,7,40,43,-3,21
18,11,Fortuna Sittard,18,5,5,8,30,35,-5,20
18,12,ADO Den Haag,18,5,5,8,25,38,-13,20
18,13,FC Groningen,18,5,3,10,21,28,-7,18
18,14,PEC Zwolle,18,5,3,10,20,31,-11,18
18,15,FC Emmen,18,4,6,8,21,38,-17,18
18,16,Excelsior,18,4,4,10,25,48,-23,16
18,17,NAC Breda,18,4,3,11,21,40,-19,15
18,18,De Graafschap,18,4,3,11,19,44,-25,15
19,1,PSV Eindhoven,19,17,1,1,64,11,53,52
19,2,Ajax,19,15,2,2,66,18,48,47
19,3,Feyenoord,19,12,3,4,42,25,17,39
19,4,AZ Alkmaar,19,9,4,6,35,26,9,31
19,5,Vitesse,19,8,5,6,31,25,6,29
19,6,FC Utrecht,19,8,4,7,30,27,3,28
19,7,VVV-Venlo,19,7,5,7,27,29,-2,26
19,8,Heracles Almelo,19,8,2,9,33,40,-7,26
19,9,Willem II,19,7,4,8,29,34,-5,25
19,10,Fortuna Sittard,19,6,5,8,32,36,-4,23
19,11,Heerenveen,19,5,6,8,40,45,-5,21
19,12,PEC Zwolle,19,6,3,10,22,31,-9,21
19,13,ADO Den Haag,19,5,6,8,26,39,-13,21
19,14,FC Emmen,19,5,6,8,24,40,-16,21
19,15,Excelsior,19,5,4,10,27,48,-21,19
19,16,FC Groningen,19,5,3,11,22,30,-8,18
19,17,NAC Breda,19,4,4,11,22,41,-19,16
19,18,De Graafschap,19,4,3,12,19,46,-27,15
20,1,PSV Eindhoven,20,18,1,1,69,11,58,55
20,2,Ajax,20,16,2,2,72,18,54,50
20,3,Feyenoord,20,12,3,5,43,27,16,39
20,4,AZ Alkmaar,20,10,4,6,40,26,14,34
20,5,Vitesse,20,8,6,6,33,27,6,30
20,6,FC Utrecht,20,8,4,8,33,31,2,28
20,7,VVV-Venlo,20,7,5,8,27,35,-8,26
20,8,Heracles Almelo,20,8,2,10,33,42,-9,26
20,9,Willem II,20,7,4,9,30,36,-6,25
20,10,PEC Zwolle,20,7,3,10,26,34,-8,24
20,11,ADO Den Haag,20,6,6,8,28,39,-11,24
20,12,Fortuna Sittard,20,6,5,9,32,41,-9,23
20,13,Heerenveen,20,5,7,8,42,47,-5,22
20,14,Excelsior,20,6,4,10,29,49,-20,22
20,15,FC Groningen,20,6,3,11,24,31,-7,21
20,16,FC Emmen,20,5,6,9,24,45,-21,21
20,17,De Graafschap,20,5,3,12,22,46,-24,18
20,18,NAC Breda,20,4,4,12,22,44,-22,16
21,1,PSV Eindhoven,21,18,2,1,71,13,58,56
21,2,Ajax,21,16,2,3,72,19,53,50
21,3,Feyenoord,21,13,3,5,47,27,20,42
21,4,AZ Alkmaar,21,11,4,6,43,26,17,37
21,5,Vitesse,21,8,6,7,34,29,5,30
21,6,FC Utrecht,21,8,5,8,35,33,2,29
21,7,VVV-Venlo,21,8,5,8,29,36,-7,29
21,8,Heracles Almelo,21,9,2,10,34,42,-8,29
21,9,Fortuna Sittard,21,7,5,9,36,42,-6,26
21,10,Willem II,21,7,4,10,31,38,-7,25
21,11,PEC Zwolle,21,7,4,10,27,35,-8,25
21,12,FC Groningen,21,7,3,11,26,32,-6,24
21,13,ADO Den Haag,21,6,6,9,30,42,-12,24
21,14,FC Emmen,21,6,6,9,27,47,-20,24
21,15,Heerenveen,21,5,8,8,43,48,-5,23
21,16,Excelsior,21,6,4,11,30,53,-23,22
21,17,De Graafschap,21,5,3,13,22,50,-28,18
21,18,NAC Breda,21,4,4,13,22,47,-25,16
22,1,PSV Eindhoven,22,18,3,1,73,15,58,57
22,2,Ajax,22,17,2,3,77,19,58,53
22,3,Feyenoord,22,13,3,6,47,28,19,42
22,4,AZ Alkmaar,22,12,4,6,46,26,20,40
22,5,Vitesse,22,9,6,7,37,31,6,33
22,6,FC Utrecht,22,9,5,8,36,33,3,32
22,7,Heracles Almelo,22,10,2,10,40,42,-2,32
22,8,VVV-Venlo,22,8,5,9,29,39,-10,29
22,9,FC Groningen,22,8,3,11,27,32,-5,27
22,10,ADO Den Haag,22,7,6,9,31,42,-11,27
22,11,Fortuna Sittard,22,7,5,10,36,48,-12,26
22,12,Willem II,22,7,4,11,33,41,-8,25
22,13,PEC Zwolle,22,7,4,11,27,36,-9,25
22,14,Excelsior,22,7,4,11,32,54,-22,25
22,15,Heerenveen,22,5,9,8,45,50,-5,24
22,16,FC Emmen,22,6,6,10,28,49,-21,24
22,17,De Graafschap,22,5,3,14,22,51,-29,18
22,18,NAC Breda,22,4,4,14,22,52,-30,16
23,1,PSV Eindhoven,23,18,4,1,74,16,58,58
23,2,Ajax,23,18,2,3,82,20,62,56
23,3,Feyenoord,23,13,4,6,48,29,19,43
23,4,AZ Alkmaar,23,12,4,7,47,28,19,40
23,5,Vitesse,23,10,6,7,40,31,9,36
23,6,Heracles Almelo,23,11,2,10,41,42,-1,35
23,7,FC Utrecht,23,9,6,8,36,33,3,33
23,8,VVV-Venlo,23,8,5,10,29,40,-11,29
23,9,FC Groningen,23,8,4,11,27,32,-5,28
23,10,Willem II,23,8,4,11,35,42,-7,28
23,11,Heerenveen,23,6,9,8,49,52,-3,27
23,12,ADO Den Haag,23,7,6,10,32,47,-15,27
23,13,Fortuna Sittard,23,7,5,11,38,52,-14,26
23,14,Excelsior,23,7,5,11,32,54,-22,26
23,15,PEC Zwolle,23,7,4,12,27,39,-12,25
23,16,FC Emmen,23,6,6,11,28,52,-24,24
23,17,De Graafschap,23,6,3,14,25,51,-26,21
23,18,NAC Breda,23,4,5,14,22,52,-30,17
24,1,PSV Eindhoven,24,19,4,1,76,16,60,61
24,2,Ajax,24,19,2,3,84,21,63,59
24,3,Feyenoord,24,14,4,6,52,29,23,46
24,4,AZ Alkmaar,24,13,4,7,51,30,21,43
24,5,Vitesse,24,11,6,7,44,32,12,39
24,6,FC Utrecht,24,10,6,8,41,34,7,36
24,7,Heracles Almelo,24,11,2,11,42,47,-5,35
24,8,FC Groningen,24,9,4,11,30,34,-4,31
24,9,Heerenveen,24,7,9,8,53,54,-1,30
24,10,VVV-Venlo,24,8,5,11,31,43,-12,29
24,11,Willem II,24,8,4,12,37,46,-9,28
24,12,ADO Den Haag,24,7,7,10,33,48,-15,28
24,13,Fortuna Sittard,24,7,5,12,40,56,-16,26
24,14,Excelsior,24,7,5,12,32,56,-24,26
24,15,PEC Zwolle,24,7,4,13,28,41,-13,25
24,16,FC Emmen,24,6,6,12,28,56,-28,24
24,17,De Graafschap,24,6,4,14,26,52,-26,22
24,18,NAC Breda,24,4,5,15,23,56,-33,17
25,1,PSV Eindhoven,25,20,4,1,78,16,62,64
25,2,Ajax,25,20,2,3,88,21,67,62
25,3,Feyenoord,25,14,5,6,53,30,23,47
25,4,AZ Alkmaar,25,13,5,7,51,30,21,44
25,5,Vitesse,25,11,7,7,45,33,12,40
25,6,FC Utrecht,25,10,7,8,41,34,7,37
25,7,Heracles Almelo,25,11,3,11,43,48,-5,36
25,8,Heerenveen,25,8,9,8,56,56,0,33
25,9,FC Groningen,25,9,5,11,30,34,-4,32
25,10,VVV-Venlo,25,9,5,11,32,43,-11,32
25,11,Willem II,25,9,4,12,40,48,-8,31
25,12,ADO Den Haag,25,7,7,11,35,51,-16,28
25,13,PEC Zwolle,25,7,5,13,28,41,-13,26
25,14,Fortuna Sittard,25,7,5,13,40,60,-20,26
25,15,Excelsior,25,7,5,13,32,57,-25,26
25,16,FC Emmen,25,6,7,12,29,57,-28,25
25,17,De Graafschap,25,6,4,15,28,55,-27,22
25,18,NAC Breda,25,4,5,16,23,58,-35,17
26,1,PSV Eindhoven,26,21,4,1,79,16,63,67
26,2,Ajax,26,20,2,4,88,22,66,62
26,3,Feyenoord,26,14,5,7,55,33,22,47
26,4,AZ Alkmaar,26,14,5,7,52,30,22,47
26,5,Vitesse,26,11,7,8,47,36,11,40
26,6,FC Utrecht,26,11,7,8,45,34,11,40
26,7,Heracles Almelo,26,12,3,11,46,50,-4,39
26,8,FC Groningen,26,10,5,11,31,34,-3,35
26,9,Willem II,26,10,4,12,43,50,-7,34
26,10,Heerenveen,26,8,9,9,56,59,-3,33
26,11,VVV-Venlo,26,9,5,12,32,44,-12,32
26,12,PEC Zwolle,26,8,5,13,30,41,-11,29
26,13,Fortuna Sittard,26,8,5,13,43,61,-18,29
26,14,ADO Den Haag,26,7,7,12,35,52,-17,28
26,15,Excelsior,26,7,5,14,32,59,-27,26
26,16,De Graafschap,26,7,4,15,31,55,-24,25
26,17,FC Emmen,26,6,7,13,30,60,-30,25
26,18,NAC Breda,26,4,5,17,23,62,-39,17
27,1,PSV Eindhoven,27,21,4,2,80,19,61,67
27,2,Ajax,27,21,2,4,91,23,68,65
27,3,AZ Alkmaar,27,15,5,7,53,30,23,50
27,4,Feyenoord,27,14,5,8,57,36,21,47
27,5,FC Utrecht,27,12,7,8,48,36,12,43
27,6,Heracles Almelo,27,13,3,11,48,51,-3,42
27,7,Vitesse,27,11,8,8,50,39,11,41
27,8,Willem II,27,11,4,12,46,52,-6,37
27,9,Heerenveen,27,9,9,9,57,59,-2,36
27,10,FC Groningen,27,10,5,12,31,35,-4,35
27,11,VVV-Venlo,27,9,6,12,33,45,-12,33
27,12,PEC Zwolle,27,9,5,13,33,41,-8,32
27,13,ADO Den Haag,27,7,8,12,38,55,-17,29
27,14,Fortuna Sittard,27,8,5,14,45,64,-19,29
27,15,Excelsior,27,7,5,15,32,60,-28,26
27,16,De Graafschap,27,7,4,16,32,57,-25,25
27,17,FC Emmen,27,6,7,14,30,63,-33,25
27,18,NAC Breda,27,4,6,17,24,63,-39,18
28,1,PSV Eindhoven,28,22,4,2,84,19,65,70
28,2,Ajax,28,22,2,4,96,25,71,68
28,3,AZ Alkmaar,28,15,6,7,55,32,23,51
28,4,Feyenoord,28,15,5,8,60,36,24,50
28,5,FC Utrecht,28,13,7,8,54,38,16,46
28,6,Vitesse,28,11,9,8,52,41,11,42
28,7,Heracles Almelo,28,13,3,12,51,55,-4,42
28,8,Willem II,28,12,4,12,50,55,-5,40
28,9,FC Groningen,28,11,5,12,32,35,-3,38
28,10,Heerenveen,28,9,9,10,57,62,-5,36
28,11,VVV-Venlo,28,9,6,13,35,51,-16,33
28,12,PEC Zwolle,28,9,5,14,33,45,-12,32
28,13,ADO Den Haag,28,7,9,12,38,55,-17,30
28,14,Fortuna Sittard,28,8,6,14,45,64,-19,30
28,15,Excelsior,28,7,5,16,33,62,-29,26
28,16,De Graafschap,28,7,4,17,32,58,-26,25
28,17,FC Emmen,28,6,7,15,32,68,-36,25
28,18,NAC Breda,28,5,6,17,26,64,-38,21
29,1,Ajax,29,23,2,4,100,26,74,71
29,2,PSV Eindhoven,29,22,5,2,87,22,65,71
29,3,Feyenoord,29,16,5,8,63,36,27,53
29,4,AZ Alkmaar,29,15,7,7,56,33,23,52
29,5,FC Utrecht,29,13,7,9,54,43,11,46
29,6,Heracles Almelo,29,14,3,12,52,55,-3,45
29,7,Vitesse,29,11,10,8,55,44,11,43
29,8,FC Groningen,29,12,5,12,33,35,-2,41
29,9,Willem II,29,12,4,13,51,59,-8,40
29,10,Heerenveen,29,9,9,11,57,64,-7,36
29,11,PEC Zwolle,29,10,5,14,38,45,-7,35
29,12,ADO Den Haag,29,8,9,12,43,55,-12,33
29,13,VVV-Venlo,29,9,6,14,35,54,-19,33
29,14,Fortuna Sittard,29,8,6,15,45,69,-24,30
29,15,FC Emmen,29,7,7,15,34,68,-34,28
29,16,De Graafschap,29,7,5,17,33,59,-26,26
29,17,Excelsior,29,7,5,17,33,63,-30,26
29,18,NAC Breda,29,5,6,18,26,65,-39,21
30,1,Ajax,30,24,2,4,106,28,78,74
30,2,PSV Eindhoven,30,23,5,2,89,23,66,74
30,3,Feyenoord,30,17,5,8,65,37,28,56
30,4,AZ Alkmaar,30,15,7,8,58,36,22,52
30,5,FC Utrecht,30,13,8,9,54,43,11,47
30,6,Heracles Almelo,30,14,3,13,53,57,-4,45
30,7,Vitesse,30,11,11,8,55,44,11,44
30,8,Willem II,30,13,4,13,53,59,-6,43
30,9,FC Groningen,30,12,6,12,34,36,-2,42
30,10,Heerenveen,30,9,10,11,58,65,-7,37
30,11,ADO Den Haag,30,9,9,12,46,57,-11,36
30,12,PEC Zwolle,30,10,5,15,38,47,-9,35
30,13,VVV-Venlo,30,9,7,14,36,55,-19,34
30,14,Fortuna Sittard,30,8,7,15,46,70,-24,31
30,15,FC Emmen,30,7,8,15,35,69,-34,29
30,16,De Graafschap,30,7,5,18,34,61,-27,26
30,17,Excelsior,30,7,5,18,35,69,-34,26
30,18,NAC Breda,30,5,7,18,27,66,-39,22
31,1,Ajax,31,25,2,4,107,28,79,77
31,2,PSV Eindhoven,31,24,5,2,92,24,68,77
31,3,Feyenoord,31,18,5,8,67,38,29,59
31,4,AZ Alkmaar,31,15,7,9,59,38,21,52
31,5,Heracles Almelo,31,15,3,13,55,58,-3,48
31,6,Vitesse,31,12,11,8,59,45,14,47
31,7,FC Utrecht,31,13,8,10,54,45,9,47
31,8,Willem II,31,13,5,13,54,60,-6,44
31,9,FC Groningen,31,12,6,13,34,37,-3,42
31,10,Heerenveen,31,9,10,12,59,67,-8,37
31,11,VVV-Venlo,31,10,7,14,40,56,-16,37
31,12,ADO Den Haag,31,9,9,13,47,60,-13,36
31,13,PEC Zwolle,31,10,5,16,39,51,-12,35
31,14,Fortuna Sittard,31,9,7,15,48,71,-23,34
31,15,FC Emmen,31,8,8,15,37,69,-32,32
31,16,Excelsior,31,7,6,18,36,70,-34,27
31,17,De Graafschap,31,7,5,19,35,65,-30,26
31,18,NAC Breda,31,5,7,19,28,68,-40,22
32,1,Ajax,32,26,2,4,111,30,81,80
32,2,PSV Eindhoven,32,25,5,2,95,24,71,80
32,3,Feyenoord,32,19,5,8,71,38,33,62
32,4,AZ Alkmaar,32,16,7,9,61,39,22,55
32,5,FC Utrecht,32,14,8,10,56,46,10,50
32,6,Heracles Almelo,32,15,3,14,56,60,-4,48
32,7,Vitesse,32,12,11,9,61,49,12,47
32,8,Willem II,32,13,5,14,54,63,-9,44
32,9,FC Groningen,32,12,6,14,36,40,-4,42
32,10,ADO Den Haag,32,10,9,13,50,61,-11,39
32,11,Heerenveen,32,9,11,12,61,69,-8,38
32,12,PEC Zwolle,32,11,5,16,42,53,-11,38
32,13,VVV-Venlo,32,10,8,14,42,58,-16,38
32,14,Fortuna Sittard,32,9,7,16,49,73,-24,34
32,15,FC Emmen,32,8,8,16,37,70,-33,32
32,16,De Graafschap,32,8,5,19,36,65,-29,29
32,17,Excelsior,32,7,6,19,37,73,-36,27
32,18,NAC Breda,32,5,7,20,28,72,-44,22
33,1,Ajax,33,27,2,4,115,31,84,83
33,2,PSV Eindhoven,33,25,5,3,95,25,70,80
33,3,Feyenoord,33,19,5,9,71,40,31,62
33,4,AZ Alkmaar,33,17,7,9,62,39,23,58
33,5,Vitesse,33,13,11,9,67,50,17,50
33,6,FC Utrecht,33,14,8,11,57,50,7,50
33,7,Heracles Almelo,33,15,3,15,60,65,-5,48
33,8,FC Groningen,33,13,6,14,39,40,-1,45
33,9,Willem II,33,13,5,15,56,66,-10,44
33,10,ADO Den Haag,33,11,9,13,52,61,-9,42
33,11,Heerenveen,33,10,11,12,63,70,-7,41
33,12,VVV-Venlo,33,11,8,14,46,60,-14,41
33,13,PEC Zwolle,33,11,5,17,44,57,-13,38
33,14,FC Emmen,33,9,8,16,40,72,-32,35
33,15,Fortuna Sittard,33,9,7,17,49,76,-27,34
33,16,Excelsior,33,8,6,19,42,77,-35,30
33,17,De Graafschap,33,8,5,20,37,71,-34,29
33,18,NAC Breda,33,5,7,21,29,74,-45,22
34,1,Ajax,34,28,2,4,119,32,87,86
34,2,PSV Eindhoven,34,26,5,3,98,26,72,83
34,3,Feyenoord,34,20,5,9,75,41,34,65
34,4,AZ Alkmaar,34,17,7,10,64,43,21,58
34,5,Vitesse,34,14,11,9,70,51,19,53
34,6,FC Utrecht,34,15,8,11,60,51,9,53
34,7,Heracles Almelo,34,15,3,16,61,68,-7,48
34,8,FC Groningen,34,13,6,15,39,41,-2,45
34,9,ADO Den Haag,34,12,9,13,58,63,-5,45
34,10,Willem II,34,13,5,16,58,72,-14,44
34,11,Heerenveen,34,10,11,13,64,73,-9,41
34,12,VVV-Venlo,34,11,8,15,47,63,-16,41
34,13,PEC Zwolle,34,11,6,17,44,57,-13,39
34,14,FC Emmen,34,10,8,16,41,72,-31,38
34,15,Fortuna Sittard,34,9,7,18,50,80,-30,34
34,16,Excelsior,34,9,6,19,46,79,-33,33
34,17,De Graafschap,34,8,5,21,38,75,-37,29
34,18,NAC Breda,34,5,8,21,29,74,-45,23
