1,1,FC Sevilla,1,1,0,0,4,1,3,3
1,2,FC Barcelone,1,1,0,0,3,0,3,3
1,3,UD Levante,1,1,0,0,3,0,3,3
1,4,Real Madrid,1,1,0,0,2,0,2,3
1,5,Athletic,1,1,0,0,2,1,1,3
1,6,Real Sociedad,1,1,0,0,2,1,1,3
1,7,SD Huesca,1,1,0,0,2,1,1,3
1,8,Atletico Madrid,1,0,1,0,1,1,0,1
1,9,Celta Vigo,1,0,1,0,1,1,0,1
1,10,Esp. Barcelona,1,0,1,0,1,1,0,1
1,11,FC Valencia,1,0,1,0,1,1,0,1
1,12,Girona FC,1,0,1,0,0,0,0,1
1,13,Real Valladolid,1,0,1,0,0,0,0,1
1,14,CD Leganes,1,0,0,1,1,2,-1,0
1,15,SD Eibar,1,0,0,1,1,2,-1,0
1,16,Villarreal CF,1,0,0,1,1,2,-1,0
1,17,FC Getafe,1,0,0,1,0,2,-2,0
1,18,Rayo Vallecano,1,0,0,1,1,4,-3,0
1,19,Alaves,1,0,0,1,0,3,-3,0
1,20,Real Betis,1,0,0,1,0,3,-3,0
2,1,Real Madrid,2,2,0,0,6,1,5,6
2,2,FC Barcelone,2,2,0,0,4,0,4,6
2,3,FC Sevilla,2,1,1,0,4,1,3,4
2,4,Real Sociedad,2,1,1,0,4,3,1,4
2,5,Atletico Madrid,2,1,1,0,2,1,1,4
2,6,SD Huesca,2,1,1,0,4,3,1,4
2,7,Athletic,2,1,1,0,4,3,1,4
2,8,Esp. Barcelona,2,1,1,0,3,1,2,4
2,9,Celta Vigo,2,1,1,0,3,2,1,4
2,10,UD Levante,2,1,0,1,4,2,2,3
2,11,FC Getafe,2,1,0,1,2,2,0,3
2,12,CD Leganes,2,0,1,1,3,4,-1,1
2,13,Villarreal CF,2,0,1,1,1,2,-1,1
2,14,Real Valladolid,2,0,1,1,0,1,-1,1
2,15,FC Valencia,2,0,1,1,1,3,-2,1
2,16,Girona FC,2,0,1,1,1,4,-3,1
2,17,Alaves,2,0,1,1,0,3,-3,1
2,18,Real Betis,2,0,1,1,0,3,-3,1
2,19,SD Eibar,2,0,0,2,1,4,-3,0
2,20,Rayo Vallecano,2,0,0,2,1,5,-4,0
3,1,FC Barcelone,3,3,0,0,12,2,10,9
3,2,Real Madrid,3,3,0,0,10,2,8,9
3,3,Celta Vigo,3,2,1,0,5,2,3,7
3,4,Athletic,3,1,2,0,5,4,1,5
3,5,Real Sociedad,3,1,1,1,5,5,0,4
3,6,FC Getafe,3,1,1,1,2,2,0,4
3,7,Atletico Madrid,3,1,1,1,2,3,-1,4
3,8,Girona FC,3,1,1,1,2,4,-2,4
3,9,SD Huesca,3,1,1,1,6,11,-5,4
3,10,Alaves,3,1,1,1,2,4,-2,4
3,11,Real Betis,3,1,1,1,1,3,-2,4
3,12,UD Levante,3,1,1,1,6,4,2,4
3,13,Esp. Barcelona,3,1,1,1,4,3,1,4
3,14,FC Sevilla,3,1,1,1,4,2,2,4
3,15,SD Eibar,3,1,0,2,3,5,-2,3
3,16,Real Valladolid,3,0,2,1,0,1,-1,2
3,17,FC Valencia,3,0,2,1,3,5,-2,2
3,18,Villarreal CF,3,0,1,2,1,3,-2,1
3,19,CD Leganes,3,0,1,2,4,8,-4,1
3,20,Rayo Vallecano,3,0,1,2,2,6,-4,1
4,1,FC Barcelone,4,4,0,0,14,3,11,12
4,2,Real Madrid,4,3,1,0,11,3,8,10
4,3,Celta Vigo,4,2,1,1,7,5,2,7
4,4,Esp. Barcelona,4,2,1,1,5,3,2,7
4,5,FC Getafe,4,2,1,1,4,2,2,7
4,6,Girona FC,4,2,1,1,5,6,-1,7
4,7,Alaves,4,2,1,1,3,4,-1,7
4,8,Athletic,4,1,3,0,6,5,1,6
4,9,Atletico Madrid,4,1,2,1,3,4,-1,5
4,10,Real Betis,4,1,2,1,1,3,-2,5
4,11,UD Levante,4,1,1,2,6,5,1,4
4,12,FC Sevilla,4,1,1,2,4,4,0,4
4,13,Real Sociedad,4,1,1,2,6,7,-1,4
4,14,SD Eibar,4,1,1,2,4,6,-2,4
4,15,SD Huesca,4,1,1,2,6,12,-6,4
4,16,Rayo Vallecano,4,1,1,2,3,6,-3,4
4,17,Villarreal CF,4,1,1,2,2,3,-1,4
4,18,FC Valencia,4,0,3,1,3,5,-2,3
4,19,Real Valladolid,4,0,2,2,0,2,-2,2
4,20,CD Leganes,4,0,1,3,4,9,-5,1
5,1,FC Barcelone,5,4,1,0,16,5,11,13
5,2,Real Madrid,5,4,1,0,12,3,9,13
5,3,Alaves,5,3,1,1,8,5,3,10
5,4,Celta Vigo,5,2,2,1,10,8,2,8
5,5,Girona FC,5,2,2,1,7,8,-1,8
5,6,Atletico Madrid,5,2,2,1,5,4,1,8
5,7,Athletic,5,1,4,0,8,7,1,7
5,8,Esp. Barcelona,5,2,1,2,5,4,1,7
5,9,FC Getafe,5,2,1,2,4,4,0,7
5,10,SD Eibar,5,2,1,2,5,6,-1,7
5,11,Real Sociedad,5,2,1,2,7,7,0,7
5,12,FC Sevilla,5,2,1,2,10,6,4,7
5,13,Real Betis,5,1,3,1,3,5,-2,6
5,14,Villarreal CF,5,1,2,2,2,3,-1,5
5,15,Rayo Vallecano,5,1,1,3,4,11,-7,4
5,16,FC Valencia,5,0,4,1,3,5,-2,4
5,17,UD Levante,5,1,1,3,8,11,-3,4
5,18,SD Huesca,5,1,1,3,6,13,-7,4
5,19,Real Valladolid,5,0,3,2,3,5,-2,3
5,20,CD Leganes,5,0,1,4,4,10,-6,1
6,1,FC Barcelone,6,4,1,1,17,7,10,13
6,2,Real Madrid,6,4,1,1,12,6,6,13
6,3,Atletico Madrid,6,3,2,1,8,4,4,11
6,4,Alaves,6,3,2,1,9,6,3,11
6,5,FC Sevilla,6,3,1,2,13,6,7,10
6,6,Esp. Barcelona,6,3,1,2,6,4,2,10
6,7,Celta Vigo,6,2,3,1,11,9,2,9
6,8,Real Betis,6,2,3,1,4,5,-1,9
6,9,FC Getafe,6,2,2,2,5,5,0,8
6,10,Real Sociedad,6,2,2,2,9,9,0,8
6,11,Girona FC,6,2,2,2,7,9,-2,8
6,12,Villarreal CF,6,2,2,2,5,3,2,8
6,13,Athletic,6,1,4,1,8,10,-2,7
6,14,SD Eibar,6,2,1,3,5,7,-2,7
6,15,Real Valladolid,6,1,3,2,5,6,-1,6
6,16,FC Valencia,6,0,5,1,4,6,-2,5
6,17,Rayo Vallecano,6,1,2,3,6,13,-7,5
6,18,UD Levante,6,1,1,4,9,13,-4,4
6,19,CD Leganes,6,1,1,4,6,11,-5,4
6,20,SD Huesca,6,1,1,4,6,16,-10,4
7,1,FC Barcelone,7,4,2,1,18,8,10,14
7,2,Real Madrid,7,4,2,1,12,6,6,14
7,3,FC Sevilla,7,4,1,2,16,7,9,13
7,4,Atletico Madrid,7,3,3,1,8,4,4,12
7,5,Real Betis,7,3,3,1,5,5,0,12
7,6,Alaves,7,3,2,2,10,8,2,11
7,7,Esp. Barcelona,7,3,2,2,8,6,2,11
7,8,Celta Vigo,7,2,4,1,12,10,2,10
7,9,Real Valladolid,7,2,3,2,6,6,0,9
7,10,Girona FC,7,2,3,2,8,10,-2,9
7,11,FC Getafe,7,2,3,2,6,6,0,9
7,12,Villarreal CF,7,2,2,3,5,4,1,8
7,13,FC Valencia,7,1,5,1,5,6,-1,8
7,14,Real Sociedad,7,2,2,3,9,10,-1,8
7,15,Athletic,7,1,5,1,9,11,-2,8
7,16,UD Levante,7,2,1,4,11,14,-3,7
7,17,SD Eibar,7,2,1,4,6,10,-4,7
7,18,Rayo Vallecano,7,1,3,3,8,15,-7,6
7,19,SD Huesca,7,1,2,4,7,17,-10,5
7,20,CD Leganes,7,1,1,5,6,12,-6,4
8,1,FC Sevilla,8,5,1,2,18,8,10,16
8,2,FC Barcelone,8,4,3,1,19,9,10,15
8,3,Atletico Madrid,8,4,3,1,9,4,5,15
8,4,Alaves,8,4,2,2,11,8,3,14
8,5,Real Madrid,8,4,2,2,12,7,5,14
8,6,Esp. Barcelona,8,4,2,2,11,7,4,14
8,7,Real Valladolid,8,3,3,2,7,6,1,12
8,8,Real Betis,8,3,3,2,5,6,-1,12
8,9,Real Sociedad,8,3,2,3,12,11,1,11
8,10,SD Eibar,8,3,1,4,9,12,-3,10
8,11,Celta Vigo,8,2,4,2,13,12,1,10
8,12,UD Levante,8,3,1,4,12,14,-2,10
8,13,FC Getafe,8,2,3,3,6,7,-1,9
8,14,FC Valencia,8,1,6,1,6,7,-1,9
8,15,Girona FC,8,2,3,3,10,13,-3,9
8,16,Villarreal CF,8,2,2,4,6,7,-1,8
8,17,Athletic,8,1,5,2,10,14,-4,8
8,18,CD Leganes,8,2,1,5,7,12,-5,7
8,19,Rayo Vallecano,8,1,3,4,8,16,-8,6
8,20,SD Huesca,8,1,2,5,7,18,-11,5
9,1,FC Barcelone,9,5,3,1,23,11,12,18
9,2,Alaves,9,5,2,2,12,8,4,17
9,3,Esp. Barcelona,9,5,2,2,13,7,6,17
9,4,FC Sevilla,9,5,1,3,20,12,8,16
9,5,Atletico Madrid,9,4,4,1,10,5,5,16
9,6,Real Valladolid,9,4,3,2,8,6,2,15
9,7,Real Madrid,9,4,2,3,13,9,4,14
9,8,UD Levante,9,4,1,4,14,15,-1,13
9,9,Real Sociedad,9,3,3,3,12,11,1,12
9,10,FC Getafe,9,3,3,3,8,8,0,12
9,11,Real Betis,9,3,3,3,5,7,-2,12
9,12,SD Eibar,9,3,2,4,10,13,-3,11
9,13,Girona FC,9,2,4,3,10,13,-3,10
9,14,FC Valencia,9,1,7,1,7,8,-1,10
9,15,Celta Vigo,9,2,4,3,13,13,0,10
9,16,Villarreal CF,9,2,3,4,7,8,-1,9
9,17,Athletic,9,1,6,2,11,15,-4,9
9,18,CD Leganes,9,2,2,5,8,13,-5,8
9,19,Rayo Vallecano,9,1,3,5,9,18,-9,6
9,20,SD Huesca,9,1,2,6,7,20,-13,5
10,1,FC Barcelone,10,6,3,1,28,12,16,21
10,2,Alaves,10,6,2,2,14,9,5,20
10,3,FC Sevilla,10,6,1,3,22,13,9,19
10,4,Atletico Madrid,10,5,4,1,12,5,7,19
10,5,Esp. Barcelona,10,5,3,2,14,8,6,18
10,6,Real Valladolid,10,4,4,2,9,7,2,16
10,7,UD Levante,10,5,1,4,16,15,1,16
10,8,FC Getafe,10,4,3,3,10,8,2,15
10,9,Real Madrid,10,4,2,4,14,14,0,14
10,10,Girona FC,10,3,4,3,12,14,-2,13
10,11,Celta Vigo,10,3,4,3,17,13,4,13
10,12,Real Sociedad,10,3,3,4,12,13,-1,12
10,13,Real Betis,10,3,3,4,5,9,-4,12
10,14,FC Valencia,10,1,8,1,7,8,-1,11
10,15,SD Eibar,10,3,2,5,10,17,-7,11
10,16,Athletic,10,1,7,2,11,15,-4,10
10,17,Villarreal CF,10,2,3,5,8,10,-2,9
10,18,CD Leganes,10,2,2,6,8,15,-7,8
10,19,Rayo Vallecano,10,1,3,6,10,20,-10,6
10,20,SD Huesca,10,1,2,7,8,22,-14,5
11,1,FC Barcelone,11,7,3,1,31,14,17,24
11,2,Esp. Barcelona,11,6,3,2,15,8,7,21
11,3,FC Sevilla,11,6,2,3,22,13,9,20
11,4,Atletico Madrid,11,5,5,1,13,6,7,20
11,5,Alaves,11,6,2,3,15,11,4,20
11,6,UD Levante,11,5,2,4,17,16,1,17
11,7,Real Madrid,11,5,2,4,16,14,2,17
11,8,Real Valladolid,11,4,4,3,9,9,0,16
11,9,FC Getafe,11,4,4,3,11,9,2,16
11,10,Girona FC,11,4,4,3,13,14,-1,16
11,11,Celta Vigo,11,3,5,3,20,16,4,14
11,12,SD Eibar,11,4,2,5,12,18,-6,14
11,13,Real Sociedad,11,3,4,4,12,13,-1,13
11,14,Real Betis,11,3,4,4,8,12,-4,13
11,15,FC Valencia,11,1,8,2,7,9,-2,11
11,16,Villarreal CF,11,2,4,5,9,11,-2,10
11,17,Athletic,11,1,7,3,11,16,-5,10
11,18,CD Leganes,11,2,3,6,9,16,-7,9
11,19,Rayo Vallecano,11,1,3,7,12,23,-11,6
11,20,SD Huesca,11,1,3,7,9,23,-14,6
12,1,FC Barcelone,12,7,3,2,34,18,16,24
12,2,FC Sevilla,12,7,2,3,24,14,10,23
12,3,Atletico Madrid,12,6,5,1,16,8,8,23
12,4,Alaves,12,7,2,3,17,12,5,23
12,5,Esp. Barcelona,12,6,3,3,16,10,6,21
12,6,Real Madrid,12,6,2,4,20,16,4,20
12,7,Real Valladolid,12,4,5,3,9,9,0,17
12,8,Girona FC,12,4,5,3,13,14,-1,17
12,9,UD Levante,12,5,2,5,18,19,-1,17
12,10,Real Sociedad,12,4,4,4,15,14,1,16
12,11,FC Getafe,12,4,4,4,11,10,1,16
12,12,Real Betis,12,4,4,4,12,15,-3,16
12,13,SD Eibar,12,4,3,5,12,18,-6,15
12,14,Celta Vigo,12,3,5,4,22,20,2,14
12,15,FC Valencia,12,2,8,2,8,9,-1,14
12,16,Villarreal CF,12,2,5,5,11,13,-2,11
12,17,Athletic,12,1,7,4,13,19,-6,10
12,18,CD Leganes,12,2,4,6,9,16,-7,10
12,19,Rayo Vallecano,12,1,4,7,14,25,-11,7
12,20,SD Huesca,12,1,3,8,10,25,-15,6
13,1,FC Sevilla,13,8,2,3,25,14,11,26
13,2,FC Barcelone,13,7,4,2,35,19,16,25
13,3,Atletico Madrid,13,6,6,1,17,9,8,24
13,4,Alaves,13,7,2,4,17,13,4,23
13,5,Esp. Barcelona,13,6,3,4,17,13,4,21
13,6,Real Madrid,13,6,2,5,20,19,1,20
13,7,Girona FC,13,5,5,3,16,15,1,20
13,8,Real Sociedad,13,5,4,4,17,15,2,19
13,9,UD Levante,13,5,3,5,20,21,-1,18
13,10,SD Eibar,13,5,3,5,15,18,-3,18
13,11,FC Valencia,13,3,8,2,11,9,2,17
13,12,Real Valladolid,13,4,5,4,9,10,-1,17
13,13,FC Getafe,13,4,5,4,12,11,1,17
13,14,Real Betis,13,4,4,5,13,17,-4,16
13,15,Celta Vigo,13,3,5,5,23,22,1,14
13,16,Villarreal CF,13,3,5,5,13,14,-1,14
13,17,CD Leganes,13,3,4,6,10,16,-6,13
13,18,Athletic,13,1,8,4,14,20,-6,11
13,19,Rayo Vallecano,13,1,4,8,14,28,-14,7
13,20,SD Huesca,13,1,4,8,12,27,-15,7
14,1,FC Barcelone,14,8,4,2,37,19,18,28
14,2,FC Sevilla,14,8,3,3,26,15,11,27
14,3,Atletico Madrid,14,6,7,1,18,10,8,25
14,4,Alaves,14,7,3,4,18,14,4,24
14,5,Real Madrid,14,7,2,5,22,19,3,23
14,6,Girona FC,14,5,6,3,17,16,1,21
14,7,Esp. Barcelona,14,6,3,5,17,16,1,21
14,8,UD Levante,14,6,3,5,23,21,2,21
14,9,FC Getafe,14,5,5,4,15,11,4,20
14,10,Real Betis,14,5,4,5,14,17,-3,19
14,11,Real Sociedad,14,5,4,5,17,16,1,19
14,12,SD Eibar,14,5,3,6,15,19,-4,18
14,13,Celta Vigo,14,4,5,5,25,22,3,17
14,14,Real Valladolid,14,4,5,5,11,14,-3,17
14,15,FC Valencia,14,3,8,3,11,11,0,17
14,16,CD Leganes,14,4,4,6,14,18,-4,16
14,17,Villarreal CF,14,3,5,6,13,16,-3,14
14,18,Athletic,14,1,8,5,14,23,-9,11
14,19,Rayo Vallecano,14,2,4,8,15,28,-13,10
14,20,SD Huesca,14,1,4,9,12,29,-17,7
15,1,FC Barcelone,15,9,4,2,41,19,22,31
15,2,FC Sevilla,15,8,4,3,27,16,11,28
15,3,Atletico Madrid,15,7,7,1,21,10,11,28
15,4,Real Madrid,15,8,2,5,23,19,4,26
15,5,Alaves,15,7,3,5,18,17,1,24
15,6,UD Levante,15,6,4,5,27,25,2,22
15,7,Real Betis,15,6,4,5,16,17,-1,22
15,8,FC Getafe,15,5,6,4,16,12,4,21
15,9,Girona FC,15,5,6,4,17,17,0,21
15,10,Esp. Barcelona,15,6,3,6,17,20,-3,21
15,11,Real Valladolid,15,5,5,5,13,15,-2,20
15,12,Celta Vigo,15,5,5,5,28,24,4,20
15,13,SD Eibar,15,5,4,6,19,23,-4,19
15,14,Real Sociedad,15,5,4,6,18,18,0,19
15,15,FC Valencia,15,3,9,3,12,12,0,18
15,16,CD Leganes,15,4,5,6,15,19,-4,17
15,17,Villarreal CF,15,3,5,7,15,19,-4,14
15,18,Athletic,15,2,8,5,15,23,-8,14
15,19,Rayo Vallecano,15,2,4,9,15,30,-15,10
15,20,SD Huesca,15,1,4,10,12,30,-18,7
16,1,FC Barcelone,16,10,4,2,46,19,27,34
16,2,FC Sevilla,16,9,4,3,29,16,13,31
16,3,Atletico Madrid,16,8,7,1,24,12,12,31
16,4,Real Madrid,16,9,2,5,24,19,5,29
16,5,Real Betis,16,7,4,5,19,18,1,25
16,6,Alaves,16,7,4,5,18,17,1,25
16,7,FC Getafe,16,6,6,4,17,12,5,24
16,8,UD Levante,16,6,4,6,27,30,-3,22
16,9,Girona FC,16,5,6,5,17,19,-2,21
16,10,Celta Vigo,16,5,6,5,28,24,4,21
16,11,Esp. Barcelona,16,6,3,7,18,23,-5,21
16,12,Real Valladolid,16,5,5,6,15,18,-3,20
16,13,SD Eibar,16,5,5,6,20,24,-4,20
16,14,FC Valencia,16,3,10,3,13,13,0,19
16,15,Real Sociedad,16,5,4,7,18,19,-1,19
16,16,CD Leganes,16,4,6,6,15,19,-4,18
16,17,Villarreal CF,16,3,6,7,17,21,-4,15
16,18,Athletic,16,2,9,5,15,23,-8,15
16,19,Rayo Vallecano,16,2,4,10,15,31,-16,10
16,20,SD Huesca,16,1,5,10,14,32,-18,8
17,1,FC Barcelone,17,11,4,2,48,19,29,37
17,2,Atletico Madrid,17,9,7,1,25,12,13,34
17,3,FC Sevilla,17,9,5,3,30,17,13,32
17,4,Real Madrid,17,9,3,5,26,21,5,30
17,5,Alaves,17,8,4,5,19,17,2,28
17,6,Real Betis,17,7,5,5,20,19,1,26
17,7,FC Getafe,17,6,7,4,18,13,5,25
17,8,Girona FC,17,5,7,5,18,20,-2,22
17,9,UD Levante,17,6,4,7,28,32,-4,22
17,10,FC Valencia,17,4,10,3,15,14,1,22
17,11,Celta Vigo,17,5,6,6,28,26,2,21
17,12,Esp. Barcelona,17,6,3,8,18,24,-6,21
17,13,Real Valladolid,17,5,6,6,16,19,-3,21
17,14,SD Eibar,17,5,6,6,21,25,-4,21
17,15,Real Sociedad,17,5,4,8,18,20,-2,19
17,16,CD Leganes,17,4,7,6,16,20,-4,19
17,17,Villarreal CF,17,3,7,7,19,23,-4,16
17,18,Athletic,17,2,10,5,16,24,-8,16
17,19,Rayo Vallecano,17,3,4,10,17,32,-15,13
17,20,SD Huesca,17,1,5,11,15,34,-19,8
18,1,FC Barcelone,18,12,4,2,50,20,30,40
18,2,Atletico Madrid,18,9,8,1,26,13,13,35
18,3,FC Sevilla,18,9,6,3,31,18,13,33
18,4,Alaves,18,9,4,5,21,18,3,31
18,5,Real Madrid,18,9,3,6,26,23,3,30
18,6,Real Betis,18,7,5,6,21,21,0,26
18,7,FC Getafe,18,6,7,5,19,15,4,25
18,8,Esp. Barcelona,18,7,3,8,19,24,-5,24
18,9,Girona FC,18,5,8,5,20,22,-2,23
18,10,UD Levante,18,6,5,7,30,34,-4,23
18,11,SD Eibar,18,5,7,6,21,25,-4,22
18,12,FC Valencia,18,4,10,4,16,16,0,22
18,13,Real Sociedad,18,6,4,8,20,20,0,22
18,14,Real Valladolid,18,5,6,7,16,20,-4,21
18,15,Celta Vigo,18,5,6,7,29,28,1,21
18,16,Athletic,18,3,10,5,18,25,-7,19
18,17,CD Leganes,18,4,7,7,16,21,-5,19
18,18,Villarreal CF,18,3,8,7,19,23,-4,17
18,19,Rayo Vallecano,18,4,4,10,18,32,-14,16
18,20,SD Huesca,18,2,5,11,17,35,-18,11
19,1,FC Barcelone,19,13,4,2,53,20,33,43
19,2,Atletico Madrid,19,10,8,1,27,13,14,38
19,3,FC Sevilla,19,9,6,4,31,20,11,33
19,4,Real Madrid,19,10,3,6,28,24,4,33
19,5,Alaves,19,9,5,5,22,19,3,32
19,6,FC Getafe,19,7,7,5,21,16,5,28
19,7,Real Betis,19,7,5,7,22,23,-1,26
19,8,Real Sociedad,19,7,4,8,23,22,1,25
19,9,Girona FC,19,5,9,5,21,23,-2,24
19,10,Esp. Barcelona,19,7,3,9,21,27,-6,24
19,11,FC Valencia,19,4,11,4,17,17,0,23
19,12,UD Levante,19,6,5,8,30,35,-5,23
19,13,Athletic,19,4,10,5,20,25,-5,22
19,14,SD Eibar,19,5,7,7,21,28,-7,22
19,15,CD Leganes,19,5,7,7,17,21,-4,22
19,16,Real Valladolid,19,5,7,7,17,21,-4,22
19,17,Celta Vigo,19,5,6,8,31,32,-1,21
19,18,Rayo Vallecano,19,5,4,10,22,34,-12,19
19,19,Villarreal CF,19,3,8,8,20,25,-5,17
19,20,SD Huesca,19,2,5,12,17,36,-19,11
20,1,FC Barcelone,20,14,4,2,56,21,35,46
20,2,Atletico Madrid,20,11,8,1,30,13,17,41
20,3,Real Madrid,20,11,3,6,30,24,6,36
20,4,FC Sevilla,20,9,6,5,31,22,9,33
20,5,Alaves,20,9,5,6,22,23,-1,32
20,6,FC Getafe,20,8,7,5,25,16,9,31
20,7,Real Betis,20,8,5,7,25,25,0,29
20,8,FC Valencia,20,5,11,4,19,18,1,26
20,9,Real Sociedad,20,7,5,8,25,24,1,26
20,10,UD Levante,20,7,5,8,32,35,-3,26
20,11,SD Eibar,20,6,7,7,24,28,-4,25
20,12,Girona FC,20,5,9,6,23,26,-3,24
20,13,Esp. Barcelona,20,7,3,10,21,30,-9,24
20,14,Athletic,20,4,11,5,21,26,-5,23
20,15,CD Leganes,20,5,7,8,18,24,-6,22
20,16,Real Valladolid,20,5,7,8,17,23,-6,22
20,17,Celta Vigo,20,5,6,9,32,34,-2,21
20,18,Rayo Vallecano,20,5,5,10,24,36,-12,20
20,19,Villarreal CF,20,3,9,8,21,26,-5,18
20,20,SD Huesca,20,2,5,13,17,39,-22,11
21,1,FC Barcelone,21,15,4,2,58,21,37,49
21,2,Atletico Madrid,21,12,8,1,32,13,19,44
21,3,Real Madrid,21,12,3,6,34,26,8,39
21,4,FC Sevilla,21,10,6,5,36,22,14,36
21,5,Alaves,21,9,5,7,22,24,-2,32
21,6,FC Getafe,21,8,7,6,25,18,7,31
21,7,FC Valencia,21,6,11,4,22,18,4,29
21,8,Real Betis,21,8,5,8,25,26,-1,29
21,9,Real Sociedad,21,7,6,8,25,24,1,27
21,10,UD Levante,21,7,5,9,32,40,-8,26
21,11,SD Eibar,21,6,8,7,26,30,-4,26
21,12,Athletic,21,5,11,5,22,26,-4,26
21,13,Real Valladolid,21,6,7,8,19,24,-5,25
21,14,Girona FC,21,5,9,7,23,28,-5,24
21,15,Esp. Barcelona,21,7,3,11,23,34,-11,24
21,16,CD Leganes,21,5,8,8,20,26,-6,23
21,17,Rayo Vallecano,21,6,5,10,25,36,-11,23
21,18,Celta Vigo,21,5,6,10,33,36,-3,21
21,19,Villarreal CF,21,3,9,9,21,29,-8,18
21,20,SD Huesca,21,2,6,13,17,39,-22,12
22,1,FC Barcelone,22,15,5,2,60,23,37,50
22,2,Atletico Madrid,22,12,8,2,32,14,18,44
22,3,Real Madrid,22,13,3,6,37,26,11,42
22,4,FC Sevilla,22,10,6,6,36,23,13,36
22,5,FC Getafe,22,8,8,6,25,18,7,32
22,6,Alaves,22,9,5,8,22,27,-5,32
22,7,Real Betis,22,9,5,8,26,26,0,32
22,8,FC Valencia,22,6,12,4,24,20,4,30
22,9,Real Sociedad,22,8,6,8,27,25,2,30
22,10,SD Eibar,22,7,8,7,29,30,-1,29
22,11,UD Levante,22,7,6,9,32,40,-8,27
22,12,Athletic,22,5,11,6,23,28,-5,26
22,13,CD Leganes,22,6,8,8,22,27,-5,26
22,14,Esp. Barcelona,22,7,4,11,25,36,-11,25
22,15,Real Valladolid,22,6,7,9,19,28,-9,25
22,16,Girona FC,22,5,9,8,23,31,-8,24
22,17,Celta Vigo,22,6,6,10,34,36,-2,24
22,18,Rayo Vallecano,22,6,5,11,26,38,-12,23
22,19,Villarreal CF,22,3,10,9,23,31,-8,19
22,20,SD Huesca,22,3,6,13,21,39,-18,15
23,1,FC Barcelone,23,15,6,2,60,23,37,51
23,2,Real Madrid,23,14,3,6,40,27,13,45
23,3,Atletico Madrid,23,12,8,3,33,17,16,44
23,4,FC Sevilla,23,10,7,6,38,25,13,37
23,5,FC Getafe,23,9,8,6,28,19,9,35
23,6,Alaves,23,10,5,8,24,27,-3,35
23,7,Real Betis,23,9,5,9,26,29,-3,32
23,8,FC Valencia,23,6,13,4,24,20,4,31
23,9,Real Sociedad,23,8,7,8,27,25,2,31
23,10,SD Eibar,23,7,9,7,31,32,-1,30
23,11,CD Leganes,23,7,8,8,25,27,-2,29
23,12,Esp. Barcelona,23,8,4,11,27,37,-10,28
23,13,UD Levante,23,7,6,10,32,42,-10,27
23,14,Athletic,23,5,12,6,23,28,-5,27
23,15,Real Valladolid,23,6,8,9,19,28,-9,26
23,16,Girona FC,23,5,9,9,23,33,-10,24
23,17,Celta Vigo,23,6,6,11,35,39,-4,24
23,18,Rayo Vallecano,23,6,5,12,27,40,-13,23
23,19,Villarreal CF,23,3,11,9,23,31,-8,20
23,20,SD Huesca,23,4,6,13,23,39,-16,18
24,1,FC Barcelone,24,16,6,2,61,23,38,54
24,2,Atletico Madrid,24,13,8,3,34,17,17,47
24,3,Real Madrid,24,14,3,7,41,29,12,45
24,4,FC Sevilla,24,10,7,7,38,28,10,37
24,5,FC Getafe,24,9,9,6,30,21,9,36
24,6,Alaves,24,10,6,8,25,28,-3,36
24,7,Real Sociedad,24,9,7,8,30,25,5,34
24,8,Real Betis,24,9,6,9,27,30,-3,33
24,9,FC Valencia,24,6,14,4,24,20,4,32
24,10,SD Eibar,24,7,10,7,33,34,-1,31
24,11,UD Levante,24,8,6,10,36,43,-7,30
24,12,Athletic,24,6,12,6,24,28,-4,30
24,13,Esp. Barcelona,24,8,5,11,27,37,-10,29
24,14,CD Leganes,24,7,8,9,25,30,-5,29
24,15,Girona FC,24,6,9,9,25,34,-9,27
24,16,Real Valladolid,24,6,8,10,19,29,-10,26
24,17,Celta Vigo,24,6,6,12,36,43,-7,24
24,18,Villarreal CF,24,4,11,9,26,31,-5,23
24,19,Rayo Vallecano,24,6,5,13,27,41,-14,23
24,20,SD Huesca,24,4,6,14,23,40,-17,18
25,1,FC Barcelone,25,17,6,2,65,25,40,57
25,2,Atletico Madrid,25,14,8,3,36,17,19,50
25,3,Real Madrid,25,15,3,7,43,30,13,48
25,4,FC Getafe,25,10,9,6,32,22,10,39
25,5,FC Sevilla,25,10,7,8,40,32,8,37
25,6,Alaves,25,10,7,8,25,28,-3,37
25,7,Real Betis,25,10,6,9,29,30,-1,36
25,8,Real Sociedad,25,9,8,8,30,25,5,35
25,9,FC Valencia,25,6,15,4,25,21,4,33
25,10,Athletic,25,7,12,6,25,28,-3,33
25,11,SD Eibar,25,7,10,8,33,35,-2,31
25,12,Esp. Barcelona,25,8,6,11,28,38,-10,30
25,13,UD Levante,25,8,6,11,37,45,-8,30
25,14,CD Leganes,25,7,9,9,26,31,-5,30
25,15,Girona FC,25,6,10,9,25,34,-9,28
25,16,Real Valladolid,25,6,8,11,19,31,-12,26
25,17,Celta Vigo,25,6,7,12,36,43,-7,25
25,18,Villarreal CF,25,4,11,10,26,33,-7,23
25,19,Rayo Vallecano,25,6,5,14,28,43,-15,23
25,20,SD Huesca,25,4,7,14,24,41,-17,19
26,1,FC Barcelone,26,18,6,2,66,25,41,60
26,2,Atletico Madrid,26,15,8,3,38,17,21,53
26,3,Real Madrid,26,15,3,8,43,31,12,48
26,4,FC Getafe,26,11,9,6,34,23,11,42
26,5,Alaves,26,11,7,8,27,29,-2,40
26,6,FC Sevilla,26,10,7,9,41,34,7,37
26,7,FC Valencia,26,7,15,4,27,21,6,36
26,8,Real Betis,26,10,6,10,30,32,-2,36
26,9,Real Sociedad,26,9,8,9,30,27,3,35
26,10,SD Eibar,26,8,10,8,34,35,-1,34
26,11,Esp. Barcelona,26,9,6,11,31,39,-8,33
26,12,Athletic,26,7,12,7,25,30,-5,33
26,13,CD Leganes,26,8,9,9,27,31,-4,33
26,14,Girona FC,26,7,10,9,27,34,-7,31
26,15,UD Levante,26,8,6,12,37,46,-9,30
26,16,Real Valladolid,26,6,8,12,20,34,-14,26
26,17,Celta Vigo,26,6,7,13,36,44,-8,25
26,18,Villarreal CF,26,4,11,11,27,35,-8,23
26,19,Rayo Vallecano,26,6,5,15,28,45,-17,23
26,20,SD Huesca,26,5,7,14,26,42,-16,22
27,1,FC Barcelone,27,19,6,2,69,26,43,63
27,2,Atletico Madrid,27,16,8,3,39,17,22,56
27,3,Real Madrid,27,16,3,8,47,32,15,51
27,4,FC Getafe,27,12,9,6,36,24,12,45
27,5,Alaves,27,11,8,8,28,30,-2,41
27,6,FC Sevilla,27,11,7,9,46,36,10,40
27,7,FC Valencia,27,8,15,4,30,23,7,39
27,8,Real Betis,27,11,6,10,31,32,-1,39
27,9,SD Eibar,27,8,11,8,35,36,-1,35
27,10,Real Sociedad,27,9,8,10,32,32,0,35
27,11,Esp. Barcelona,27,9,7,11,32,40,-8,34
27,12,Athletic,27,7,13,7,26,31,-5,34
27,13,CD Leganes,27,8,9,10,27,32,-5,33
27,14,Girona FC,27,7,10,10,29,37,-8,31
27,15,UD Levante,27,8,6,13,37,48,-11,30
27,16,Real Valladolid,27,6,8,13,21,38,-17,26
27,17,Villarreal CF,27,5,11,11,29,35,-6,26
27,18,Celta Vigo,27,6,7,14,36,45,-9,25
27,19,Rayo Vallecano,27,6,5,16,29,48,-19,23
27,20,SD Huesca,27,5,7,15,27,44,-17,22
28,1,FC Barcelone,28,20,6,2,73,27,46,66
28,2,Atletico Madrid,28,16,8,4,39,19,20,56
28,3,Real Madrid,28,17,3,8,49,32,17,54
28,4,FC Getafe,28,12,10,6,36,24,12,46
28,5,Alaves,28,12,8,8,31,31,0,44
28,6,FC Sevilla,28,12,7,9,47,36,11,43
28,7,FC Valencia,28,8,16,4,30,23,7,40
28,8,Real Betis,28,11,6,11,32,36,-4,39
28,9,Athletic,28,8,13,7,28,31,-3,37
28,10,Real Sociedad,28,9,9,10,33,33,0,36
28,11,SD Eibar,28,8,11,9,36,38,-2,35
28,12,Girona FC,28,8,10,10,31,37,-6,34
28,13,Esp. Barcelona,28,9,7,12,32,41,-9,34
28,14,CD Leganes,28,8,9,11,27,34,-7,33
28,15,UD Levante,28,8,7,13,38,49,-11,31
28,16,Real Valladolid,28,7,8,13,23,39,-16,29
28,17,Villarreal CF,28,6,11,11,32,36,-4,29
28,18,Celta Vigo,28,6,7,15,36,47,-11,25
28,19,Rayo Vallecano,28,6,5,17,30,51,-21,23
28,20,SD Huesca,28,5,7,16,28,47,-19,22
29,1,FC Barcelone,29,21,6,2,75,27,48,69
29,2,Atletico Madrid,29,17,8,4,43,19,24,59
29,3,Real Madrid,29,18,3,8,52,34,18,57
29,4,FC Getafe,29,12,10,7,36,26,10,46
29,5,Alaves,29,12,8,9,31,35,-4,44
29,6,FC Valencia,29,9,16,4,31,23,8,43
29,7,FC Sevilla,29,12,7,10,47,37,10,43
29,8,Athletic,29,9,13,7,30,32,-2,40
29,9,Real Betis,29,11,7,11,33,37,-4,40
29,10,Real Sociedad,29,9,10,10,34,34,0,37
29,11,SD Eibar,29,8,12,9,38,40,-2,36
29,12,CD Leganes,29,9,9,11,29,34,-5,36
29,13,Girona FC,29,8,10,11,32,39,-7,34
29,14,Esp. Barcelona,29,9,7,13,32,43,-11,34
29,15,UD Levante,29,8,8,13,40,51,-11,32
29,16,Real Valladolid,29,7,9,13,24,40,-16,30
29,17,Villarreal CF,29,6,11,12,34,39,-5,29
29,18,Celta Vigo,29,7,7,15,39,49,-10,28
29,19,Rayo Vallecano,29,6,6,17,31,52,-21,24
29,20,SD Huesca,29,5,7,17,30,50,-20,22
30,1,FC Barcelone,30,21,7,2,79,31,48,70
30,2,Atletico Madrid,30,18,8,4,45,19,26,62
30,3,Real Madrid,30,18,3,9,53,36,17,57
30,4,FC Getafe,30,12,11,7,37,27,10,47
30,5,FC Valencia,30,10,16,4,33,24,9,46
30,6,FC Sevilla,30,13,7,10,49,37,12,46
30,7,Alaves,30,12,8,10,31,37,-6,44
30,8,Athletic,30,10,13,7,33,34,-1,43
30,9,Real Betis,30,11,7,12,34,39,-5,40
30,10,Real Sociedad,30,10,10,10,36,35,1,40
30,11,SD Eibar,30,9,12,9,40,41,-1,39
30,12,CD Leganes,30,10,9,11,30,34,-4,39
30,13,Esp. Barcelona,30,9,8,13,33,44,-11,35
30,14,Girona FC,30,8,10,12,32,41,-9,34
30,15,UD Levante,30,8,8,14,42,54,-12,32
30,16,Real Valladolid,30,7,9,14,24,41,-17,30
30,17,Villarreal CF,30,6,12,12,38,43,-5,30
30,18,Celta Vigo,30,7,8,15,42,52,-10,29
30,19,Rayo Vallecano,30,6,6,18,32,54,-22,24
30,20,SD Huesca,30,5,8,17,33,53,-20,23
31,1,FC Barcelone,31,22,7,2,81,31,50,73
31,2,Atletico Madrid,31,18,8,5,45,21,24,62
31,3,Real Madrid,31,19,3,9,55,37,18,60
31,4,FC Getafe,31,13,11,7,38,27,11,50
31,5,FC Sevilla,31,14,7,10,51,37,14,49
31,6,FC Valencia,31,10,16,5,33,26,7,46
31,7,Alaves,31,12,9,10,32,38,-6,45
31,8,Athletic,31,10,13,8,33,35,-2,43
31,9,Real Betis,31,12,7,12,36,40,-4,43
31,10,Real Sociedad,31,10,10,11,37,38,-1,40
31,11,CD Leganes,31,10,10,11,31,35,-4,40
31,12,SD Eibar,31,9,12,10,41,43,-2,39
31,13,Esp. Barcelona,31,10,8,13,35,45,-10,38
31,14,Girona FC,31,8,10,13,33,43,-10,34
31,15,UD Levante,31,8,9,14,44,56,-12,33
31,16,Celta Vigo,31,8,8,15,45,53,-8,32
31,17,Real Valladolid,31,7,9,15,24,43,-19,30
31,18,Villarreal CF,31,6,12,13,39,45,-6,30
31,19,Rayo Vallecano,31,7,6,18,34,54,-20,27
31,20,SD Huesca,31,5,9,17,35,55,-20,24
32,1,FC Barcelone,32,22,8,2,81,31,50,74
32,2,Atletico Madrid,32,19,8,5,47,21,26,65
32,3,Real Madrid,32,19,4,9,56,38,18,61
32,4,FC Sevilla,32,15,7,10,54,39,15,52
32,5,FC Getafe,32,13,12,7,40,29,11,51
32,6,FC Valencia,32,11,16,5,36,27,9,49
32,7,Athletic,32,11,13,8,36,37,-1,46
32,8,Alaves,32,12,9,11,33,40,-7,45
32,9,Real Betis,32,12,7,13,38,43,-5,43
32,10,Real Sociedad,32,10,11,11,38,39,-1,41
32,11,Esp. Barcelona,32,11,8,13,37,46,-9,41
32,12,CD Leganes,32,10,11,11,32,36,-4,41
32,13,SD Eibar,32,9,13,10,42,44,-2,40
32,14,Girona FC,32,8,10,14,33,44,-11,34
32,15,Villarreal CF,32,7,12,13,40,45,-5,33
32,16,UD Levante,32,8,9,15,45,59,-14,33
32,17,Celta Vigo,32,8,8,16,45,55,-10,32
32,18,Real Valladolid,32,7,10,15,26,45,-19,31
32,19,Rayo Vallecano,32,7,6,19,36,57,-21,27
32,20,SD Huesca,32,5,10,17,35,55,-20,25
33,1,FC Barcelone,33,23,8,2,83,32,51,77
33,2,Atletico Madrid,33,20,8,5,48,21,27,68
33,3,Real Madrid,33,20,4,9,59,38,21,64
33,4,FC Getafe,33,14,12,7,43,29,14,54
33,5,FC Valencia,33,12,16,5,38,28,10,52
33,6,FC Sevilla,33,15,7,11,54,42,12,52
33,7,Athletic,33,11,13,9,36,40,-4,46
33,8,Alaves,33,12,10,11,35,42,-7,46
33,9,Real Betis,33,12,7,14,39,45,-6,43
33,10,Esp. Barcelona,33,11,9,13,39,48,-9,42
33,11,Real Sociedad,33,10,11,12,39,41,-2,41
33,12,CD Leganes,33,10,11,12,33,38,-5,41
33,13,SD Eibar,33,9,13,11,42,45,-3,40
33,14,Villarreal CF,33,8,12,13,42,46,-4,36
33,15,Celta Vigo,33,9,8,16,47,56,-9,35
33,16,Girona FC,33,8,10,15,34,46,-12,34
33,17,UD Levante,33,8,10,15,47,61,-14,34
33,18,Real Valladolid,33,7,11,15,28,47,-19,32
33,19,Rayo Vallecano,33,7,7,19,36,57,-21,28
33,20,SD Huesca,33,5,11,17,35,55,-20,26
34,1,FC Barcelone,34,24,8,2,85,32,53,80
34,2,Atletico Madrid,34,21,8,5,51,23,28,71
34,3,Real Madrid,34,20,5,9,59,38,21,65
34,4,FC Getafe,34,14,13,7,43,29,14,55
34,5,FC Sevilla,34,16,7,11,59,42,17,55
34,6,FC Valencia,34,12,16,6,40,31,9,52
34,7,Athletic,34,12,13,9,37,40,-3,49
34,8,Alaves,34,12,10,12,35,44,-9,46
34,9,Real Betis,34,12,7,15,39,49,-10,43
34,10,Esp. Barcelona,34,11,10,13,40,49,-9,43
34,11,Real Sociedad,34,10,11,13,39,42,-3,41
34,12,CD Leganes,34,10,11,13,33,39,-6,41
34,13,SD Eibar,34,9,13,12,42,47,-5,40
34,14,Villarreal CF,34,9,12,13,43,46,-3,39
34,15,UD Levante,34,9,10,15,51,61,-10,37
34,16,Celta Vigo,34,9,9,16,48,57,-9,36
34,17,Real Valladolid,34,8,11,15,29,47,-18,35
34,18,Girona FC,34,8,10,16,34,47,-13,34
34,19,SD Huesca,34,6,11,17,37,55,-18,29
34,20,Rayo Vallecano,34,7,7,20,36,62,-26,28
35,1,FC Barcelone,35,25,8,2,86,32,54,83
35,2,Atletico Madrid,35,22,8,5,52,23,29,74
35,3,Real Madrid,35,20,5,10,59,39,20,65
35,4,FC Getafe,35,14,13,8,44,31,13,55
35,5,FC Sevilla,35,16,7,12,59,43,16,55
35,6,FC Valencia,35,12,16,7,40,32,8,52
35,7,Athletic,35,12,14,9,38,41,-3,50
35,8,Alaves,35,12,11,12,36,45,-9,47
35,9,Real Betis,35,12,8,15,40,50,-10,44
35,10,Real Sociedad,35,11,11,13,41,43,-2,44
35,11,Esp. Barcelona,35,11,11,13,41,50,-9,44
35,12,SD Eibar,35,10,13,12,43,47,-4,43
35,13,CD Leganes,35,10,12,13,33,39,-6,42
35,14,Villarreal CF,35,9,13,13,44,47,-3,40
35,15,Celta Vigo,35,9,10,16,48,57,-9,37
35,16,UD Levante,35,9,10,16,51,62,-11,37
35,17,Girona FC,35,9,10,16,35,47,-12,37
35,18,Real Valladolid,35,8,11,16,29,48,-19,35
35,19,Rayo Vallecano,35,8,7,20,37,62,-25,31
35,20,SD Huesca,35,6,12,17,38,56,-18,30
36,1,FC Barcelone,36,25,8,3,86,34,52,83
36,2,Atletico Madrid,36,22,8,6,52,26,26,74
36,3,Real Madrid,36,21,5,10,62,41,21,68
36,4,FC Getafe,36,15,13,8,46,31,15,58
36,5,FC Valencia,36,13,16,7,46,34,12,55
36,6,FC Sevilla,36,16,7,13,59,46,13,55
36,7,Athletic,36,12,14,10,38,42,-4,50
36,8,Real Sociedad,36,12,11,13,42,43,-1,47
36,9,Alaves,36,12,11,13,36,46,-10,47
36,10,Esp. Barcelona,36,12,11,13,44,50,-6,47
36,11,SD Eibar,36,11,13,12,44,47,-3,46
36,12,CD Leganes,36,11,12,13,36,39,-3,45
36,13,Real Betis,36,12,8,16,40,51,-11,44
36,14,Celta Vigo,36,10,10,16,50,57,-7,40
36,15,Villarreal CF,36,9,13,14,46,50,-4,40
36,16,UD Levante,36,10,10,16,55,63,-8,40
36,17,Real Valladolid,36,9,11,16,30,48,-18,38
36,18,Girona FC,36,9,10,17,35,49,-14,37
36,19,Rayo Vallecano,36,8,7,21,38,66,-28,31
36,20,SD Huesca,36,6,12,18,40,62,-22,30
37,1,FC Barcelone,37,26,8,3,88,34,54,86
37,2,Atletico Madrid,37,22,9,6,53,27,26,75
37,3,Real Madrid,37,21,5,11,63,44,19,68
37,4,FC Valencia,37,14,16,7,49,35,14,58
37,5,FC Getafe,37,15,13,9,46,33,13,58
37,6,FC Sevilla,37,16,8,13,60,47,13,56
37,7,Athletic,37,13,14,10,41,43,-2,53
37,8,Real Sociedad,37,13,11,13,45,44,1,50
37,9,Esp. Barcelona,37,13,11,13,46,50,-4,50
37,10,Alaves,37,12,11,14,37,49,-12,47
37,11,Real Betis,37,13,8,16,42,52,-10,47
37,12,SD Eibar,37,11,13,13,44,48,-4,46
37,13,CD Leganes,37,11,12,14,36,41,-5,45
37,14,Villarreal CF,37,10,13,14,47,50,-3,43
37,15,UD Levante,37,11,10,16,57,64,-7,43
37,16,Real Valladolid,37,10,11,16,32,49,-17,41
37,17,Celta Vigo,37,10,10,17,51,60,-9,40
37,18,Girona FC,37,9,10,18,36,51,-15,37
37,19,Rayo Vallecano,37,8,7,22,39,68,-29,31
37,20,SD Huesca,37,6,12,19,41,64,-23,30
38,1,FC Barcelone,38,26,9,3,90,36,54,87
38,2,Atletico Madrid,38,22,10,6,55,29,26,76
38,3,Real Madrid,38,21,5,12,63,46,17,68
38,4,FC Valencia,38,15,16,7,51,35,16,61
38,5,FC Getafe,38,15,14,9,48,35,13,59
38,6,FC Sevilla,38,17,8,13,62,47,15,59
38,7,Esp. Barcelona,38,14,11,13,48,50,-2,53
38,8,Athletic,38,13,14,11,41,45,-4,53
38,9,Real Sociedad,38,13,11,14,45,46,-1,50
38,10,Real Betis,38,14,8,16,44,52,-8,50
38,11,Alaves,38,13,11,14,39,50,-11,50
38,12,SD Eibar,38,11,14,13,46,50,-4,47
38,13,CD Leganes,38,11,12,15,37,43,-6,45
38,14,Villarreal CF,38,10,14,14,49,52,-3,44
38,15,UD Levante,38,11,11,16,59,66,-7,44
38,16,Real Valladolid,38,10,11,17,32,51,-19,41
38,17,Celta Vigo,38,10,11,17,53,62,-9,41
38,18,Girona FC,38,9,10,19,37,53,-16,37
38,19,SD Huesca,38,7,12,19,43,65,-22,33
38,20,Rayo Vallecano,38,8,8,22,41,70,-29,32
