1,1,Galatasaray,1,1,0,0,3,1,2,3
1,2,Y. Malatyaspor,1,1,0,0,3,1,2,3
1,3,Basaksehir,1,1,0,0,2,0,2,3
1,4,Kayserispor,1,1,0,0,2,0,2,3
1,5,Kasimpasa,1,1,0,0,3,2,1,3
1,6,Konyaspor,1,1,0,0,3,2,1,3
1,7,Fenerbahce,1,1,0,0,2,1,1,3
1,8,Besiktas,1,1,0,0,2,1,1,3
1,9,Sivasspor,1,1,0,0,1,0,1,3
1,10,C. Rizespor,1,0,0,1,2,3,-1,0
1,11,BB Erzurumspor,1,0,0,1,2,3,-1,0
1,12,Akhisarspor,1,0,0,1,1,2,-1,0
1,13,Bursaspor,1,0,0,1,1,2,-1,0
1,14,Alanyaspor,1,0,0,1,0,1,-1,0
1,15,Goztepe,1,0,0,1,1,3,-2,0
1,16,Ankaragucu,1,0,0,1,1,3,-2,0
1,17,Trabzonspor,1,0,0,1,0,2,-2,0
1,18,Antalyaspor,1,0,0,1,0,2,-2,0
2,1,Besiktas,2,2,0,0,5,2,3,6
2,2,Galatasaray,2,2,0,0,4,1,3,6
2,3,Y. Malatyaspor,2,2,0,0,4,1,3,6
2,4,Kasimpasa,2,2,0,0,5,3,2,6
2,5,Kayserispor,2,1,1,0,2,0,2,4
2,6,Konyaspor,2,1,1,0,6,5,1,4
2,7,Ankaragucu,2,1,0,1,3,3,0,3
2,8,Fenerbahce,2,1,0,1,2,2,0,3
2,9,Basaksehir,2,1,0,1,3,2,1,3
2,10,Trabzonspor,2,1,0,1,3,3,0,3
2,11,Sivasspor,2,1,0,1,2,3,-1,3
2,12,Bursaspor,2,0,1,1,1,2,-1,1
2,13,Antalyaspor,2,0,1,1,3,5,-2,1
2,14,C. Rizespor,2,0,1,1,3,4,-1,1
2,15,Akhisarspor,2,0,1,1,2,3,-1,1
2,16,BB Erzurumspor,2,0,0,2,3,6,-3,0
2,17,Goztepe,2,0,0,2,1,4,-3,0
2,18,Alanyaspor,2,0,0,2,0,3,-3,0
3,1,Galatasaray,3,3,0,0,10,1,9,9
3,2,Kasimpasa,3,3,0,0,8,3,5,9
3,3,Y. Malatyaspor,3,2,1,0,4,1,3,7
3,4,Basaksehir,3,2,0,1,6,3,3,6
3,5,Besiktas,3,2,0,1,7,5,2,6
3,6,Kayserispor,3,1,2,0,2,0,2,5
3,7,Konyaspor,3,1,2,0,7,6,1,5
3,8,Antalyaspor,3,1,1,1,6,7,-1,4
3,9,Trabzonspor,3,1,1,1,5,5,0,4
3,10,Ankaragucu,3,1,1,1,5,5,0,4
3,11,Sivasspor,3,1,0,2,2,6,-4,3
3,12,Goztepe,3,1,0,2,2,4,-2,3
3,13,Fenerbahce,3,1,0,2,2,3,-1,3
3,14,C. Rizespor,3,0,2,1,3,4,-1,2
3,15,Bursaspor,3,0,2,1,2,3,-1,2
3,16,Akhisarspor,3,0,1,2,3,6,-3,1
3,17,BB Erzurumspor,3,0,1,2,3,6,-3,1
3,18,Alanyaspor,3,0,0,3,0,9,-9,0
4,1,Kasimpasa,4,4,0,0,10,4,6,12
4,2,Galatasaray,4,3,0,1,10,5,5,9
4,3,Basaksehir,4,3,0,1,7,3,4,9
4,4,Kayserispor,4,2,2,0,5,2,3,8
4,5,Konyaspor,4,2,2,0,8,6,2,8
4,6,Trabzonspor,4,2,1,1,9,5,4,7
4,7,Y. Malatyaspor,4,2,1,1,4,2,2,7
4,8,Antalyaspor,4,2,1,1,8,8,0,7
4,9,Besiktas,4,2,1,1,8,6,2,7
4,10,Ankaragucu,4,1,1,2,6,7,-1,4
4,11,Sivasspor,4,1,1,2,3,7,-4,4
4,12,Alanyaspor,4,1,0,3,1,9,-8,3
4,13,Fenerbahce,4,1,0,3,4,6,-2,3
4,14,Goztepe,4,1,0,3,2,5,-3,3
4,15,Bursaspor,4,0,3,1,3,4,-1,3
4,16,C. Rizespor,4,0,2,2,4,6,-2,2
4,17,Akhisarspor,4,0,2,2,4,7,-3,2
4,18,BB Erzurumspor,4,0,1,3,3,7,-4,1
5,1,Galatasaray,5,4,0,1,14,6,8,12
5,2,Kasimpasa,5,4,0,1,11,8,3,12
5,3,Basaksehir,5,4,0,1,11,3,8,12
5,4,Besiktas,5,3,1,1,10,7,3,10
5,5,Konyaspor,5,2,2,1,8,7,1,8
5,6,Kayserispor,5,2,2,1,5,4,1,8
5,7,Y. Malatyaspor,5,2,1,2,5,4,1,7
5,8,Antalyaspor,5,2,1,2,8,12,-4,7
5,9,Trabzonspor,5,2,1,2,9,6,3,7
5,10,Ankaragucu,5,2,1,2,7,7,0,7
5,11,Alanyaspor,5,2,0,3,2,9,-7,6
5,12,Goztepe,5,2,0,3,4,5,-1,6
5,13,Fenerbahce,5,2,0,3,5,6,-1,6
5,14,Sivasspor,5,1,2,2,5,9,-4,5
5,15,Bursaspor,5,0,4,1,4,5,-1,4
5,16,C. Rizespor,5,0,3,2,5,7,-2,3
5,17,BB Erzurumspor,5,0,2,3,5,9,-4,2
5,18,Akhisarspor,5,0,2,3,4,8,-4,2
6,1,Basaksehir,6,4,1,1,11,3,8,13
6,2,Galatasaray,6,4,0,2,14,9,5,12
6,3,Kasimpasa,6,4,0,2,12,10,2,12
6,4,Besiktas,6,3,2,1,11,8,3,11
6,5,Konyaspor,6,3,2,1,10,7,3,11
6,6,Y. Malatyaspor,6,3,1,2,6,4,2,10
6,7,Ankaragucu,6,3,1,2,8,7,1,10
6,8,Antalyaspor,6,3,1,2,10,13,-3,10
6,9,Alanyaspor,6,3,0,3,4,10,-6,9
6,10,Goztepe,6,3,0,3,6,6,0,9
6,11,Kayserispor,6,2,2,2,5,6,-1,8
6,12,Trabzonspor,6,2,1,3,10,8,2,7
6,13,Fenerbahce,6,2,1,3,6,7,-1,7
6,14,Bursaspor,6,0,5,1,4,5,-1,5
6,15,Sivasspor,6,1,2,3,6,11,-5,5
6,16,Akhisarspor,6,1,2,3,7,8,-1,5
6,17,C. Rizespor,6,0,3,3,5,8,-3,3
6,18,BB Erzurumspor,6,0,2,4,5,10,-5,2
7,1,Galatasaray,7,5,0,2,15,9,6,15
7,2,Basaksehir,7,4,2,1,12,4,8,14
7,3,Besiktas,7,4,2,1,13,8,5,14
7,4,Antalyaspor,7,4,1,2,11,13,-2,13
7,5,Alanyaspor,7,4,0,3,6,11,-5,12
7,6,Kasimpasa,7,4,0,3,14,14,0,12
7,7,Goztepe,7,4,0,3,9,8,1,12
7,8,Konyaspor,7,3,2,2,12,10,2,11
7,9,Y. Malatyaspor,7,3,2,2,7,5,2,11
7,10,Trabzonspor,7,3,1,3,14,10,4,10
7,11,Ankaragucu,7,3,1,3,8,8,0,10
7,12,Sivasspor,7,2,2,3,8,11,-3,8
7,13,Kayserispor,7,2,2,3,5,8,-3,8
7,14,Fenerbahce,7,2,1,4,6,10,-4,7
7,15,C. Rizespor,7,1,3,3,8,8,0,6
7,16,Akhisarspor,7,1,2,4,8,10,-2,5
7,17,Bursaspor,7,0,5,2,4,7,-3,5
7,18,BB Erzurumspor,7,0,2,5,5,11,-6,2
8,1,Galatasaray,8,6,0,2,16,9,7,18
8,2,Besiktas,8,4,3,1,15,10,5,15
8,3,Kasimpasa,8,5,0,3,17,15,2,15
8,4,Basaksehir,8,4,3,1,12,4,8,15
8,5,Trabzonspor,8,4,1,3,17,11,6,13
8,6,Antalyaspor,8,4,1,3,11,14,-3,13
8,7,Y. Malatyaspor,8,3,3,2,11,9,2,12
8,8,Alanyaspor,8,4,0,4,6,12,-6,12
8,9,Konyaspor,8,3,3,2,14,12,2,12
8,10,Goztepe,8,4,0,4,10,11,-1,12
8,11,Ankaragucu,8,3,1,4,8,9,-1,10
8,12,Sivasspor,8,2,3,3,12,15,-3,9
8,13,Kayserispor,8,2,3,3,7,10,-3,9
8,14,Fenerbahce,8,2,2,4,6,10,-4,8
8,15,Bursaspor,8,1,5,2,5,7,-2,8
8,16,C. Rizespor,8,1,4,3,10,10,0,7
8,17,Akhisarspor,8,1,2,5,9,13,-4,5
8,18,BB Erzurumspor,8,1,2,5,6,11,-5,5
9,1,Galatasaray,9,6,1,2,17,10,7,19
9,2,Kasimpasa,9,6,0,3,22,15,7,18
9,3,Basaksehir,9,5,3,1,13,4,9,18
9,4,Antalyaspor,9,5,1,3,12,14,-2,16
9,5,Goztepe,9,5,0,4,12,11,1,15
9,6,Besiktas,9,4,3,2,15,12,3,15
9,7,Trabzonspor,9,4,2,3,17,11,6,14
9,8,Konyaspor,9,3,4,2,15,13,2,13
9,9,Ankaragucu,9,4,1,4,9,9,0,13
9,10,Y. Malatyaspor,9,3,3,3,11,10,1,12
9,11,Alanyaspor,9,4,0,5,6,13,-7,12
9,12,Sivasspor,9,2,4,3,12,15,-3,10
9,13,Kayserispor,9,2,3,4,7,11,-4,9
9,14,Fenerbahce,9,2,3,4,6,10,-4,9
9,15,Bursaspor,9,1,6,2,6,8,-2,9
9,16,C. Rizespor,9,1,5,3,11,11,0,8
9,17,BB Erzurumspor,9,1,3,5,6,11,-5,6
9,18,Akhisarspor,9,1,2,6,9,18,-9,5
10,1,Basaksehir,10,6,3,1,14,4,10,21
10,2,Galatasaray,10,6,1,3,17,12,5,19
10,3,Kasimpasa,10,6,1,3,23,16,7,19
10,4,Besiktas,10,5,3,2,19,13,6,18
10,5,Antalyaspor,10,5,2,3,13,15,-2,17
10,6,Ankaragucu,10,5,1,4,12,10,2,16
10,7,Y. Malatyaspor,10,4,3,3,13,10,3,15
10,8,Goztepe,10,5,0,5,12,12,0,15
10,9,Trabzonspor,10,4,3,3,18,12,6,15
10,10,Konyaspor,10,3,4,3,15,14,1,13
10,11,Bursaspor,10,2,6,2,8,8,0,12
10,12,Kayserispor,10,3,3,4,9,11,-2,12
10,13,Alanyaspor,10,4,0,6,6,15,-9,12
10,14,Sivasspor,10,2,4,4,12,17,-5,10
10,15,Fenerbahce,10,2,3,5,7,13,-6,9
10,16,C. Rizespor,10,1,5,4,12,15,-3,8
10,17,Akhisarspor,10,2,2,6,10,18,-8,8
10,18,BB Erzurumspor,10,1,4,5,7,12,-5,7
11,1,Basaksehir,11,7,3,1,15,4,11,24
11,2,Galatasaray,11,6,2,3,19,14,5,20
11,3,Antalyaspor,11,6,2,3,15,16,-1,20
11,4,Kasimpasa,11,6,1,4,24,18,6,19
11,5,Ankaragucu,11,6,1,4,15,11,4,19
11,6,Y. Malatyaspor,11,5,3,3,14,10,4,18
11,7,Goztepe,11,6,0,5,14,12,2,18
11,8,Besiktas,11,5,3,3,19,14,5,18
11,9,Trabzonspor,11,4,4,3,19,13,6,16
11,10,Konyaspor,11,3,5,3,15,14,1,14
11,11,Bursaspor,11,2,7,2,9,9,0,13
11,12,Kayserispor,11,3,3,5,10,14,-4,12
11,13,Alanyaspor,11,4,0,7,6,16,-10,12
11,14,Sivasspor,11,2,5,4,12,17,-5,11
11,15,Fenerbahce,11,2,4,5,9,15,-6,10
11,16,Akhisarspor,11,2,3,6,11,19,-8,9
11,17,C. Rizespor,11,1,5,5,12,17,-5,8
11,18,BB Erzurumspor,11,1,5,5,8,13,-5,8
12,1,Basaksehir,12,8,3,1,17,5,12,27
12,2,Galatasaray,12,7,2,3,22,14,8,23
12,3,Kasimpasa,12,7,1,4,26,19,7,22
12,4,Y. Malatyaspor,12,6,3,3,19,10,9,21
12,5,Antalyaspor,12,6,2,4,16,18,-2,20
12,6,Ankaragucu,12,6,1,5,15,13,2,19
12,7,Goztepe,12,6,0,6,15,14,1,18
12,8,Besiktas,12,5,3,4,20,16,4,18
12,9,Konyaspor,12,4,5,3,17,14,3,17
12,10,Trabzonspor,12,4,4,4,19,18,1,16
12,11,Sivasspor,12,3,5,4,14,18,-4,14
12,12,Fenerbahce,12,3,4,5,11,15,-4,13
12,13,Bursaspor,12,2,7,3,10,11,-1,13
12,14,Kayserispor,12,3,3,6,10,17,-7,12
12,15,Alanyaspor,12,4,0,8,6,18,-12,12
12,16,Akhisarspor,12,3,3,6,13,20,-7,12
12,17,BB Erzurumspor,12,2,5,5,10,14,-4,11
12,18,C. Rizespor,12,1,5,6,13,19,-6,8
13,1,Basaksehir,13,9,3,1,19,5,14,30
13,2,Kasimpasa,13,8,1,4,29,19,10,25
13,3,Galatasaray,13,7,3,3,23,15,8,24
13,4,Besiktas,13,6,3,4,24,17,7,21
13,5,Y. Malatyaspor,13,6,3,4,19,13,6,21
13,6,Antalyaspor,13,6,2,5,16,19,-3,20
13,7,Trabzonspor,13,5,4,4,21,19,2,19
13,8,Ankaragucu,13,6,1,6,16,17,-1,19
13,9,Goztepe,13,6,0,7,15,16,-1,18
13,10,Konyaspor,13,4,6,3,18,15,3,18
13,11,Bursaspor,13,3,7,3,14,13,1,16
13,12,Sivasspor,13,3,6,4,15,19,-4,15
13,13,Alanyaspor,13,5,0,8,11,18,-7,15
13,14,BB Erzurumspor,13,3,5,5,11,14,-3,14
13,15,Fenerbahce,13,3,4,6,12,17,-5,13
13,16,Akhisarspor,13,3,3,7,15,24,-9,12
13,17,Kayserispor,13,3,3,7,10,22,-12,12
13,18,C. Rizespor,13,1,6,6,14,20,-6,9
14,1,Basaksehir,14,9,3,2,19,6,13,30
14,2,Kasimpasa,14,8,2,4,31,21,10,26
14,3,Besiktas,14,7,3,4,25,17,8,24
14,4,Galatasaray,14,7,3,4,23,16,7,24
14,5,Antalyaspor,14,7,2,5,17,19,-2,23
14,6,Y. Malatyaspor,14,6,4,4,20,14,6,22
14,7,Trabzonspor,14,6,4,4,23,19,4,22
14,8,Konyaspor,14,5,6,3,20,15,5,21
14,9,Ankaragucu,14,6,2,6,17,18,-1,20
14,10,Bursaspor,14,4,7,3,16,14,2,19
14,11,Goztepe,14,6,0,8,15,17,-2,18
14,12,Sivasspor,14,4,6,4,16,19,-3,18
14,13,Alanyaspor,14,5,0,9,11,20,-9,15
14,14,BB Erzurumspor,14,3,5,6,12,16,-4,14
14,15,Fenerbahce,14,3,5,6,14,19,-5,14
14,16,Akhisarspor,14,3,4,7,16,25,-9,13
14,17,Kayserispor,14,3,3,8,10,24,-14,12
14,18,C. Rizespor,14,1,7,6,15,21,-6,10
15,1,Basaksehir,15,10,3,2,20,6,14,33
15,2,Antalyaspor,15,8,2,5,19,19,0,26
15,3,Kasimpasa,15,8,2,5,31,24,7,26
15,4,Y. Malatyaspor,15,7,4,4,23,15,8,25
15,5,Besiktas,15,7,4,4,25,17,8,25
15,6,Trabzonspor,15,7,4,4,26,19,7,25
15,7,Galatasaray,15,7,4,4,25,18,7,25
15,8,Konyaspor,15,5,6,4,20,18,2,21
15,9,Sivasspor,15,5,6,4,18,19,-1,21
15,10,Ankaragucu,15,6,2,7,17,19,-2,20
15,11,Bursaspor,15,4,7,4,16,16,0,19
15,12,Goztepe,15,6,0,9,15,19,-4,18
15,13,Alanyaspor,15,5,1,9,11,20,-9,16
15,14,Akhisarspor,15,4,4,7,19,25,-6,16
15,15,Kayserispor,15,4,3,8,13,24,-11,15
15,16,BB Erzurumspor,15,3,5,7,13,19,-6,14
15,17,Fenerbahce,15,3,5,7,14,22,-8,14
15,18,C. Rizespor,15,1,8,6,17,23,-6,11
16,1,Basaksehir,16,10,4,2,21,7,14,34
16,2,Y. Malatyaspor,16,8,4,4,25,15,10,28
16,3,Trabzonspor,16,7,5,4,28,21,7,26
16,4,Antalyaspor,16,8,2,6,19,21,-2,26
16,5,Galatasaray,16,7,5,4,26,19,7,26
16,6,Besiktas,16,7,5,4,27,19,8,26
16,7,Kasimpasa,16,8,2,6,33,27,6,26
16,8,Konyaspor,16,6,6,4,23,20,3,24
16,9,Sivasspor,16,6,6,4,22,19,3,24
16,10,Bursaspor,16,4,8,4,16,16,0,20
16,11,Ankaragucu,16,6,2,8,17,23,-6,20
16,12,Goztepe,16,6,1,9,15,19,-4,19
16,13,Kayserispor,16,5,3,8,14,24,-10,18
16,14,Alanyaspor,16,5,2,9,12,21,-9,17
16,15,Akhisarspor,16,4,4,8,19,26,-7,16
16,16,BB Erzurumspor,16,3,6,7,15,21,-6,15
16,17,Fenerbahce,16,3,6,7,16,24,-8,15
16,18,C. Rizespor,16,1,9,6,18,24,-6,12
17,1,Basaksehir,17,10,5,2,22,8,14,35
17,2,Y. Malatyaspor,17,8,5,4,26,16,10,29
17,3,Trabzonspor,17,8,5,4,32,22,10,29
17,4,Kasimpasa,17,9,2,6,37,28,9,29
17,5,Galatasaray,17,8,5,4,30,21,9,29
17,6,Antalyaspor,17,8,3,6,19,21,-2,27
17,7,Besiktas,17,7,5,5,28,23,5,26
17,8,Konyaspor,17,6,7,4,23,20,3,25
17,9,Sivasspor,17,6,6,5,24,23,1,24
17,10,Goztepe,17,7,1,9,18,19,-1,22
17,11,Bursaspor,17,4,9,4,17,17,0,21
17,12,Ankaragucu,17,6,2,9,17,26,-9,20
17,13,Kayserispor,17,5,4,8,15,25,-10,19
17,14,Alanyaspor,17,5,3,9,13,22,-9,18
17,15,Akhisarspor,17,4,5,8,19,26,-7,17
17,16,BB Erzurumspor,17,3,7,7,16,22,-6,16
17,17,Fenerbahce,17,3,7,7,16,24,-8,16
17,18,C. Rizespor,17,1,9,7,19,28,-9,12
18,1,Basaksehir,18,11,5,2,26,10,16,38
18,2,Y. Malatyaspor,18,9,5,4,29,18,11,32
18,3,Galatasaray,18,9,5,4,36,21,15,32
18,4,Trabzonspor,18,8,5,5,34,26,8,29
18,5,Kasimpasa,18,9,2,7,37,29,8,29
18,6,Besiktas,18,8,5,5,31,23,8,29
18,7,Konyaspor,18,7,7,4,25,21,4,28
18,8,Antalyaspor,18,8,4,6,19,21,-2,28
18,9,Sivasspor,18,6,6,6,24,25,-1,24
18,10,Bursaspor,18,4,10,4,18,18,0,22
18,11,Goztepe,18,7,1,10,20,22,-2,22
18,12,Alanyaspor,18,6,3,9,15,22,-7,21
18,13,Ankaragucu,18,6,2,10,17,32,-15,20
18,14,Kayserispor,18,5,5,8,15,25,-10,20
18,15,Akhisarspor,18,4,5,9,19,29,-10,17
18,16,Fenerbahce,18,3,8,7,17,25,-8,17
18,17,BB Erzurumspor,18,3,7,8,17,24,-7,16
18,18,C. Rizespor,18,2,9,7,20,28,-8,15
19,1,Basaksehir,19,12,5,2,28,10,18,41
19,2,Galatasaray,19,10,5,4,37,21,16,35
19,3,Y. Malatyaspor,19,9,5,5,31,21,10,32
19,4,Konyaspor,19,8,7,4,27,21,6,31
19,5,Trabzonspor,19,8,6,5,35,27,8,30
19,6,Besiktas,19,8,6,5,32,24,8,30
19,7,Kasimpasa,19,9,2,8,37,31,6,29
19,8,Antalyaspor,19,8,4,7,19,23,-4,28
19,9,Sivasspor,19,6,7,6,25,26,-1,25
19,10,Alanyaspor,19,7,3,9,17,22,-5,24
19,11,Bursaspor,19,4,11,4,19,19,0,23
19,12,Goztepe,19,7,1,11,20,23,-3,22
19,13,Kayserispor,19,5,6,8,16,26,-10,21
19,14,Ankaragucu,19,6,2,11,17,34,-17,20
19,15,Fenerbahce,19,4,8,7,20,27,-7,20
19,16,C. Rizespor,19,3,9,7,23,29,-6,18
19,17,BB Erzurumspor,19,3,8,8,18,25,-7,17
19,18,Akhisarspor,19,4,5,10,20,32,-12,17
20,1,Basaksehir,20,13,5,2,31,10,21,44
20,2,Galatasaray,20,10,6,4,38,22,16,36
20,3,Besiktas,20,9,6,5,38,26,12,33
20,4,Y. Malatyaspor,20,9,6,5,32,22,10,33
20,5,Trabzonspor,20,9,6,5,36,27,9,33
20,6,Konyaspor,20,8,8,4,27,21,6,32
20,7,Kasimpasa,20,9,2,9,38,34,4,29
20,8,Antalyaspor,20,8,4,8,21,29,-8,28
20,9,Sivasspor,20,7,7,6,28,27,1,28
20,10,Alanyaspor,20,7,4,9,18,23,-5,25
20,11,Bursaspor,20,4,12,4,19,19,0,24
20,12,Fenerbahce,20,5,8,7,22,27,-5,23
20,13,Goztepe,20,7,1,12,20,25,-5,22
20,14,Kayserispor,20,5,7,8,17,27,-10,22
20,15,C. Rizespor,20,4,9,7,24,29,-5,21
20,16,Ankaragucu,20,6,2,12,17,35,-18,20
20,17,BB Erzurumspor,20,3,8,9,18,26,-8,17
20,18,Akhisarspor,20,4,5,11,20,35,-15,17
21,1,Basaksehir,21,13,6,2,32,11,21,45
21,2,Galatasaray,21,11,6,4,41,23,18,39
21,3,Besiktas,21,10,6,5,40,26,14,36
21,4,Y. Malatyaspor,21,9,7,5,33,23,10,34
21,5,Trabzonspor,21,9,6,6,37,30,7,33
21,6,Konyaspor,21,8,9,4,28,22,6,33
21,7,Sivasspor,21,8,7,6,30,28,2,31
21,8,Antalyaspor,21,8,5,8,22,30,-8,29
21,9,Kasimpasa,21,9,2,10,38,37,1,29
21,10,Alanyaspor,21,7,4,10,20,26,-6,25
21,11,Goztepe,21,8,1,12,23,27,-4,25
21,12,Kayserispor,21,6,7,8,18,27,-9,25
21,13,Bursaspor,21,4,12,5,19,21,-2,24
21,14,Ankaragucu,21,7,2,12,20,35,-15,23
21,15,Fenerbahce,21,5,8,8,22,28,-6,23
21,16,C. Rizespor,21,4,10,7,25,30,-5,22
21,17,BB Erzurumspor,21,3,9,9,19,27,-8,18
21,18,Akhisarspor,21,4,5,12,21,37,-16,17
22,1,Basaksehir,22,14,6,2,33,11,22,48
22,2,Galatasaray,22,12,6,4,45,24,21,42
22,3,Besiktas,22,11,6,5,42,27,15,39
22,4,Konyaspor,22,8,10,4,29,23,6,34
22,5,Y. Malatyaspor,22,9,7,6,34,25,9,34
22,6,Trabzonspor,22,9,6,7,37,32,5,33
22,7,Sivasspor,22,8,7,7,32,32,0,31
22,8,Antalyaspor,22,8,5,9,22,31,-9,29
22,9,Kasimpasa,22,9,2,11,39,41,-2,29
22,10,Alanyaspor,22,8,4,10,22,26,-4,28
22,11,Kayserispor,22,7,7,8,20,28,-8,28
22,12,Goztepe,22,8,1,13,24,29,-5,25
22,13,C. Rizespor,22,5,10,7,27,30,-3,25
22,14,Bursaspor,22,4,12,6,19,23,-4,24
22,15,Fenerbahce,22,5,9,8,23,29,-6,24
22,16,Ankaragucu,22,7,3,12,20,35,-15,24
22,17,BB Erzurumspor,22,4,9,9,23,29,-6,21
22,18,Akhisarspor,22,4,6,12,21,37,-16,18
23,1,Basaksehir,23,15,6,2,36,11,25,51
23,2,Galatasaray,23,13,6,4,46,24,22,45
23,3,Besiktas,23,11,7,5,45,30,15,40
23,4,Trabzonspor,23,10,6,7,40,33,7,36
23,5,Konyaspor,23,8,10,5,29,24,5,34
23,6,Y. Malatyaspor,23,9,7,7,34,28,6,34
23,7,Antalyaspor,23,9,5,9,24,32,-8,32
23,8,Alanyaspor,23,9,4,10,25,26,-1,31
23,9,Kayserispor,23,8,7,8,21,28,-7,31
23,10,Sivasspor,23,8,7,8,33,34,-1,31
23,11,Kasimpasa,23,9,2,12,39,44,-5,29
23,12,C. Rizespor,23,6,10,7,30,30,0,28
23,13,Ankaragucu,23,8,3,12,22,36,-14,27
23,14,Fenerbahce,23,5,10,8,26,32,-6,25
23,15,Goztepe,23,8,1,14,25,32,-7,25
23,16,Bursaspor,23,4,12,7,19,26,-7,24
23,17,BB Erzurumspor,23,4,9,10,24,31,-7,21
23,18,Akhisarspor,23,4,6,13,21,38,-17,18
24,1,Basaksehir,24,16,6,2,38,11,27,54
24,2,Galatasaray,24,13,7,4,47,25,22,46
24,3,Besiktas,24,11,8,5,47,32,15,41
24,4,Trabzonspor,24,10,7,7,42,35,7,37
24,5,Konyaspor,24,8,11,5,30,25,5,35
24,6,Y. Malatyaspor,24,9,7,8,34,30,4,34
24,7,Kayserispor,24,8,8,8,23,30,-7,32
24,8,Antalyaspor,24,9,5,10,26,36,-10,32
24,9,Alanyaspor,24,9,4,11,26,29,-3,31
24,10,Sivasspor,24,8,7,9,35,37,-2,31
24,11,Ankaragucu,24,9,3,12,26,38,-12,30
24,12,Kasimpasa,24,9,3,12,41,46,-5,30
24,13,C. Rizespor,24,6,10,8,32,33,-1,28
24,14,Fenerbahce,24,6,10,8,29,34,-5,28
24,15,Bursaspor,24,5,12,7,22,28,-6,27
24,16,Goztepe,24,8,2,14,26,33,-7,26
24,17,BB Erzurumspor,24,4,10,10,25,32,-7,22
24,18,Akhisarspor,24,5,6,13,24,39,-15,21
25,1,Basaksehir,25,17,6,2,40,12,28,57
25,2,Galatasaray,25,14,7,4,52,25,27,49
25,3,Besiktas,25,12,8,5,50,34,16,44
25,4,Trabzonspor,25,11,7,7,44,36,8,40
25,5,Konyaspor,25,8,11,6,32,28,4,35
25,6,Sivasspor,25,9,7,9,37,37,0,34
25,7,Y. Malatyaspor,25,9,7,9,34,32,2,34
25,8,Alanyaspor,25,10,4,11,28,30,-2,34
25,9,Kayserispor,25,8,8,9,23,33,-10,32
25,10,Antalyaspor,25,9,5,11,26,41,-15,32
25,11,Kasimpasa,25,9,4,12,41,46,-5,31
25,12,Ankaragucu,25,9,4,12,26,38,-12,31
25,13,C. Rizespor,25,7,10,8,35,33,2,31
25,14,Fenerbahce,25,6,10,9,30,36,-6,28
25,15,Bursaspor,25,5,13,7,22,28,-6,28
25,16,Goztepe,25,8,3,14,26,33,-7,27
25,17,BB Erzurumspor,25,4,10,11,26,34,-8,22
25,18,Akhisarspor,25,5,6,14,25,41,-16,21
26,1,Basaksehir,26,17,7,2,41,13,28,58
26,2,Galatasaray,26,15,7,4,55,27,28,52
26,3,Besiktas,26,13,8,5,51,34,17,47
26,4,Trabzonspor,26,12,7,7,45,36,9,43
26,5,Y. Malatyaspor,26,10,7,9,37,33,4,37
26,6,Konyaspor,26,8,11,7,32,30,2,35
26,7,Antalyaspor,26,10,5,11,29,41,-12,35
26,8,Alanyaspor,26,10,4,12,28,33,-5,34
26,9,Sivasspor,26,9,7,10,38,39,-1,34
26,10,Kasimpasa,26,10,4,12,44,48,-4,34
26,11,C. Rizespor,26,8,10,8,37,33,4,34
26,12,Kayserispor,26,8,9,9,24,34,-10,33
26,13,Ankaragucu,26,9,4,13,27,41,-14,31
26,14,Fenerbahce,26,7,10,9,32,37,-5,31
26,15,Bursaspor,26,5,13,8,24,31,-7,28
26,16,Goztepe,26,8,3,15,26,34,-8,27
26,17,BB Erzurumspor,26,4,10,12,26,35,-9,22
26,18,Akhisarspor,26,5,6,15,27,44,-17,21
27,1,Basaksehir,27,18,7,2,43,13,30,61
27,2,Galatasaray,27,16,7,4,58,27,31,55
27,3,Besiktas,27,14,8,5,58,36,22,50
27,4,Trabzonspor,27,13,7,7,49,37,12,46
27,5,Alanyaspor,27,11,4,12,29,33,-4,37
27,6,Kasimpasa,27,11,4,12,46,49,-3,37
27,7,Y. Malatyaspor,27,10,7,10,37,36,1,37
27,8,Kayserispor,27,9,9,9,27,35,-8,36
27,9,Konyaspor,27,8,11,8,32,32,0,35
27,10,Antalyaspor,27,10,5,12,30,45,-15,35
27,11,C. Rizespor,27,8,10,9,39,40,-1,34
27,12,Sivasspor,27,9,7,11,39,42,-3,34
27,13,Ankaragucu,27,9,5,13,28,42,-14,32
27,14,Fenerbahce,27,7,11,9,33,38,-5,32
27,15,Bursaspor,27,5,13,9,24,32,-8,28
27,16,Goztepe,27,8,3,16,26,35,-9,27
27,17,Akhisarspor,27,6,6,15,28,44,-16,24
27,18,BB Erzurumspor,27,4,10,13,27,37,-10,22
28,1,Basaksehir,28,18,7,3,44,15,29,61
28,2,Galatasaray,28,16,8,4,59,28,31,56
28,3,Besiktas,28,15,8,5,60,37,23,53
28,4,Trabzonspor,28,14,7,7,50,37,13,49
28,5,Y. Malatyaspor,28,10,8,10,38,37,1,38
28,6,Antalyaspor,28,11,5,12,31,45,-14,38
28,7,Alanyaspor,28,11,5,12,30,34,-4,38
28,8,Kasimpasa,28,11,4,13,46,50,-4,37
28,9,C. Rizespor,28,9,10,9,40,40,0,37
28,10,Konyaspor,28,8,12,8,33,33,0,36
28,11,Kayserispor,28,9,9,10,27,37,-10,36
28,12,Sivasspor,28,9,8,11,40,43,-3,35
28,13,Ankaragucu,28,10,5,13,30,42,-12,35
28,14,Fenerbahce,28,7,12,9,34,39,-5,33
28,15,Bursaspor,28,5,13,10,24,33,-9,28
28,16,Goztepe,28,8,3,17,26,36,-10,27
28,17,BB Erzurumspor,28,5,10,13,29,38,-9,25
28,18,Akhisarspor,28,6,6,16,29,46,-17,24
29,1,Basaksehir,29,18,8,3,45,16,29,62
29,2,Galatasaray,29,17,8,4,62,29,33,59
29,3,Besiktas,29,16,8,5,62,38,24,56
29,4,Trabzonspor,29,15,7,7,52,38,14,52
29,5,Antalyaspor,29,12,5,12,33,46,-13,41
29,6,Alanyaspor,29,12,5,12,31,34,-3,41
29,7,Kasimpasa,29,11,5,13,47,51,-4,38
29,8,C. Rizespor,29,9,11,9,41,41,0,38
29,9,Y. Malatyaspor,29,10,8,11,39,39,0,38
29,10,Konyaspor,29,8,13,8,33,33,0,37
29,11,Ankaragucu,29,10,6,13,30,42,-12,36
29,12,Kayserispor,29,9,9,11,28,40,-12,36
29,13,Sivasspor,29,9,8,12,41,45,-4,35
29,14,Fenerbahce,29,7,12,10,34,40,-6,33
29,15,Bursaspor,29,5,14,10,25,34,-9,29
29,16,BB Erzurumspor,29,6,10,13,30,38,-8,28
29,17,Goztepe,29,8,3,18,26,37,-11,27
29,18,Akhisarspor,29,6,6,17,30,48,-18,24
30,1,Basaksehir,30,18,8,4,45,18,27,62
30,2,Galatasaray,30,17,9,4,62,29,33,60
30,3,Besiktas,30,17,8,5,66,39,27,59
30,4,Trabzonspor,30,15,8,7,53,39,14,53
30,5,Antalyaspor,30,12,6,12,34,47,-13,42
30,6,Alanyaspor,30,12,6,12,32,35,-3,42
30,7,Y. Malatyaspor,30,11,8,11,41,40,1,41
30,8,C. Rizespor,30,9,12,9,41,41,0,39
30,9,Konyaspor,30,8,14,8,33,33,0,38
30,10,Kasimpasa,30,11,5,14,48,53,-5,38
30,11,Kayserispor,30,9,10,11,29,41,-12,37
30,12,Sivasspor,30,9,9,12,41,45,-4,36
30,13,Ankaragucu,30,10,6,14,31,46,-15,36
30,14,Fenerbahce,30,7,13,10,35,41,-6,34
30,15,Goztepe,30,9,3,18,28,37,-9,30
30,16,Bursaspor,30,5,15,10,25,34,-9,30
30,17,BB Erzurumspor,30,6,11,13,31,39,-8,29
30,18,Akhisarspor,30,6,7,17,30,48,-18,25
31,1,Galatasaray,31,18,9,4,64,29,35,63
31,2,Basaksehir,31,18,9,4,45,18,27,63
31,3,Besiktas,31,17,8,6,66,41,25,59
31,4,Trabzonspor,31,16,8,7,57,41,16,56
31,5,Y. Malatyaspor,31,12,8,11,43,40,3,44
31,6,Antalyaspor,31,12,6,13,35,51,-16,42
31,7,Alanyaspor,31,12,6,13,34,39,-5,42
31,8,Konyaspor,31,9,14,8,37,35,2,41
31,9,C. Rizespor,31,9,13,9,43,43,0,40
31,10,Kasimpasa,31,11,5,15,49,56,-7,38
31,11,Kayserispor,31,9,10,12,31,45,-14,37
31,12,Ankaragucu,31,10,7,14,33,48,-15,37
31,13,Fenerbahce,31,8,13,10,38,42,-4,37
31,14,Sivasspor,31,9,10,12,41,45,-4,37
31,15,Goztepe,31,10,3,18,32,38,-6,33
31,16,BB Erzurumspor,31,7,11,13,33,39,-6,32
31,17,Bursaspor,31,5,15,11,25,36,-11,30
31,18,Akhisarspor,31,6,7,18,30,50,-20,25
32,1,Galatasaray,32,19,9,4,67,31,36,66
32,2,Basaksehir,32,19,9,4,47,19,28,66
32,3,Besiktas,32,18,8,6,68,42,26,62
32,4,Trabzonspor,32,16,9,7,59,43,16,57
32,5,Y. Malatyaspor,32,13,8,11,46,41,5,47
32,6,Konyaspor,32,9,15,8,39,37,2,42
32,7,Antalyaspor,32,12,6,14,35,52,-17,42
32,8,Alanyaspor,32,12,6,14,35,41,-6,42
32,9,C. Rizespor,32,9,13,10,45,46,-1,40
32,10,Kayserispor,32,10,10,12,33,46,-13,40
32,11,Fenerbahce,32,9,13,10,40,43,-3,40
32,12,Kasimpasa,32,11,5,16,50,58,-8,38
32,13,Sivasspor,32,9,11,12,44,48,-4,38
32,14,Ankaragucu,32,10,7,15,34,50,-16,37
32,15,Goztepe,32,10,4,18,35,41,-6,34
32,16,Bursaspor,32,6,15,11,26,36,-10,33
32,17,BB Erzurumspor,32,7,11,14,34,42,-8,32
32,18,Akhisarspor,32,6,7,19,31,52,-21,25
33,1,Galatasaray,33,20,9,4,69,32,37,69
33,2,Basaksehir,33,19,9,5,48,21,27,66
33,3,Besiktas,33,18,8,7,69,44,25,62
33,4,Trabzonspor,33,17,9,7,61,44,17,60
33,5,Y. Malatyaspor,33,13,8,12,46,44,2,47
33,6,Antalyaspor,33,13,6,14,38,52,-14,45
33,7,Konyaspor,33,9,16,8,40,38,2,43
33,8,Fenerbahce,33,10,13,10,41,43,-2,43
33,9,Alanyaspor,33,12,7,14,36,42,-6,43
33,10,C. Rizespor,33,9,14,10,46,47,-1,41
33,11,Kayserispor,33,10,11,12,35,48,-13,41
33,12,Ankaragucu,33,11,7,15,37,51,-14,40
33,13,Kasimpasa,33,11,6,16,51,59,-8,39
33,14,Sivasspor,33,9,11,13,45,51,-6,38
33,15,Goztepe,33,10,5,18,35,41,-6,35
33,16,Bursaspor,33,6,16,11,26,36,-10,34
33,17,BB Erzurumspor,33,7,11,15,34,43,-9,32
33,18,Akhisarspor,33,6,8,19,33,54,-21,26
34,1,Galatasaray,34,20,9,5,72,36,36,69
34,2,Basaksehir,34,19,10,5,49,22,27,67
34,3,Besiktas,34,19,8,7,72,46,26,65
34,4,Trabzonspor,34,18,9,7,64,46,18,63
34,5,Y. Malatyaspor,34,13,8,13,47,46,1,47
34,6,Fenerbahce,34,11,13,10,44,44,0,46
34,7,Antalyaspor,34,13,6,15,39,55,-16,45
34,8,Konyaspor,34,9,17,8,40,38,2,44
34,9,Alanyaspor,34,12,8,14,37,43,-6,44
34,10,Kayserispor,34,10,11,13,35,50,-15,41
34,11,C. Rizespor,34,9,14,11,48,50,-2,41
34,12,Sivasspor,34,10,11,13,49,54,-5,41
34,13,Ankaragucu,34,11,7,16,38,53,-15,40
34,14,Kasimpasa,34,11,6,17,53,62,-9,39
34,15,Goztepe,34,11,5,18,37,42,-5,38
34,16,Bursaspor,34,7,16,11,28,37,-9,37
34,17,BB Erzurumspor,34,8,11,15,36,43,-7,35
34,18,Akhisarspor,34,6,9,19,33,54,-21,27
